name,base_salary,signing_bonus,option_bonus,roster_bonus,per_game_bonus,workout_bonus,other_bonus,guaranteed_money,cap_hit_2026,dead_cap,position,age,total_contract_value,team,years_remaining,epa_total,snaps_played,games_missed,player_id
Brock Purdy,8296000.0,7313530.0,7550000.0,0.0,850000.0,100000.0,0.0,46996000.0,23709530.0,0.0,QB,27,0.0,SF,1,60.4225,1007,1,sf_qb_brock_purdy
Nick Bosa,1215000.0,12838648.0,8849106.0,0.0,500000.0,0.0,0.0,1215000.0,22990988.0,0.0,DL,29,0.0,SF,1,7.426071794871795,613,7,sf_dl_nick_bosa
Trent Williams,1300000.0,17765786.0,0.0,0.0,900000.0,100000.0,0.0,2300000.0,20012845.0,0.0,OL,38,0.0,SF,1,7.426071794871795,613,7,sf_ol_trent_williams
Fred Warner,1650000.0,11739000.0,4200000.0,0.0,500000.0,100000.0,0.0,0.0,17865471.0,0.0,LB,30,0.0,SF,1,7.426071794871795,613,7,sf_lb_fred_warner
George Kittle,1500000.0,10304000.0,2220000.0,0.0,500000.0,100000.0,0.0,12900000.0,14147529.0,0.0,TE,33,0.0,SF,1,32.4316,1007,1,sf_te_george_kittle
Brandon Aiyuk,1215000.0,2792790.0,9558000.0,0.0,750000.0,100000.0,0.0,0.0,13665790.0,0.0,WR,28,0.0,SF,1,20.2024,747,5,sf_wr_brandon_aiyuk
Christian McCaffrey,1300000.0,3947472.0,4959000.0,0.0,500000.0,150000.0,0.0,0.0,10856472.0,0.0,RB,30,0.0,SF,1,1.5666,650,7,sf_rb_christian_mccaffrey
Deommodore Lenoir,1220000.0,2600000.0,4200000.0,0.0,750000.0,100000.0,0.0,0.0,8870000.0,0.0,DB,27,0.0,SF,1,0.0,65,16,sf_db_deommodore_lenoir
Colton McKivitz,1215000.0,2291555.0,1637000.0,0.0,680000.0,150000.0,0.0,2045000.0,5823555.0,0.0,OL,30,0.0,SF,1,7.426071794871795,613,7,sf_ol_colton_mckivitz
Mykel Williams,1005000.0,3450449.0,0.0,968789.0,0.0,0.0,0.0,1973789.0,5424238.0,0.0,DL,22,0.0,SF,1,7.426071794871795,613,7,sf_dl_mykel_williams
Osa Odighizuwa,1715000.0,2907000.0,0.0,0.0,500000.0,0.0,0.0,2215000.0,5122000.0,0.0,,25,0.0,SF,1,7.426071794871795,613,7,sf_nan_osa_odighizuwa
Mike Evans,1300000.0,2400000.0,0.0,0.0,850000.0,150000.0,0.0,2300000.0,4250000.0,0.0,,25,0.0,SF,1,7.426071794871795,613,7,sf_nan_mike_evans
Ji'Ayir Brown,3624000.0,231055.0,0.0,0.0,0.0,50000.0,0.0,0.0,3905055.0,0.0,DB,26,0.0,SF,1,1.0764,65,16,sf_db_ji_ayir_brown
Dre Greenlaw,2600000.0,500000.0,0.0,0.0,850000.0,50000.0,0.0,3500000.0,3550000.0,0.0,LB,29,0.0,SF,1,7.426071794871795,613,7,sf_lb_dre_greenlaw
Luke Farrell,1350000.0,864000.0,380000.0,0.0,340000.0,50000.0,0.0,1690000.0,3514000.0,0.0,TE,29,0.0,SF,1,8.166866666666667,667,6,sf_te_luke_farrell
Ricky Pearsall,1934854.0,1484709.0,0.0,0.0,0.0,0.0,0.0,1934854.0,3419563.0,0.0,WR,26,0.0,SF,1,10.1439,650,7,sf_wr_ricky_pearsall
Nate Hobbs,1860000.0,1250000.0,0.0,0.0,340000.0,50000.0,0.0,1860000.0,3380000.0,0.0,,25,0.0,SF,1,7.426071794871795,613,7,sf_nan_nate_hobbs
Jake Brendel,1300000.0,1795000.0,0.0,0.0,510000.0,100000.0,200000.0,0.0,3140000.0,0.0,OL,34,0.0,SF,1,7.426071794871795,613,7,sf_ol_jake_brendel
Mac Jones,1400000.0,508000.0,282000.0,0.0,340000.0,100000.0,500000.0,1250000.0,3130000.0,0.0,QB,28,0.0,SF,1,26.9581,758,5,sf_qb_mac_jones
Christian Kirk,1610000.0,1170000.0,0.0,0.0,170000.0,50000.0,0.0,1610000.0,2960000.0,0.0,,25,0.0,SF,1,7.426071794871795,613,7,sf_nan_christian_kirk
Kyle Juszczyk,1500000.0,396000.0,350000.0,0.0,400000.0,100000.0,250000.0,3150000.0,2896000.0,0.0,RB,35,0.0,SF,1,-0.7261,780,5,sf_rb_kyle_juszczyk
Demarcus Robinson,1435000.0,438867.0,418000.0,0.0,425000.0,50000.0,0.0,2000000.0,2701867.0,0.0,WR,32,0.0,SF,1,12.000116666666665,603,7,sf_wr_demarcus_robinson
Brett Toth,1215000.0,2215000.0,0.0,0.0,260000.0,25000.0,0.0,1215000.0,2500000.0,0.0,,25,0.0,SF,1,7.426071794871795,613,7,sf_nan_brett_toth
De'Zhaun Stribling,885000.0,1547134.0,0.0,0.0,0.0,0.0,0.0,885000.0,2432134.0,0.0,,25,0.0,SF,1,7.426071794871795,613,7,sf_nan_de_zhaun_stribling
Alfred Collins,1308496.0,1033982.0,0.0,0.0,0.0,0.0,0.0,1308496.0,2342478.0,0.0,DL,25,0.0,SF,1,7.426071794871795,613,7,sf_dl_alfred_collins
Vederian Lowe,1300000.0,552000.0,0.0,0.0,340000.0,100000.0,0.0,1740000.0,2292000.0,0.0,,25,0.0,SF,1,7.426071794871795,613,7,sf_nan_vederian_lowe
Sam Okuayinonu,1605000.0,500000.0,0.0,0.0,170000.0,25000.0,0.0,1300000.0,2280000.0,0.0,DL,28,0.0,SF,1,7.426071794871795,613,7,sf_dl_sam_okuayinonu
Jake Tonges,1145000.0,523000.0,0.0,0.0,340000.0,50000.0,0.0,1535000.0,2058000.0,0.0,TE,27,0.0,SF,1,8.166866666666667,667,6,sf_te_jake_tonges
Luke Gifford,1300000.0,132000.0,0.0,0.0,340000.0,50000.0,150000.0,1350000.0,1972000.0,0.0,LB,31,0.0,SF,1,7.426071794871795,613,7,sf_lb_luke_gifford
Eddy Pineiro,1215000.0,501000.0,0.0,0.0,255000.0,25000.0,0.0,1495000.0,1951000.0,0.0,K,31,0.0,SF,1,7.426071794871795,613,7,sf_k_eddy_pineiro
Ashtyn Davis,1295000.0,285000.0,0.0,0.0,170000.0,0.0,150000.0,0.0,1880000.0,0.0,,25,0.0,SF,1,7.426071794871795,613,7,sf_nan_ashtyn_davis
Keion White,1812297.0,0.0,0.0,0.0,0.0,0.0,0.0,0.0,1812297.0,0.0,DL,27,0.0,SF,1,7.426071794871795,613,7,sf_dl_keion_white
Siran Neal,1355000.0,200000.0,0.0,0.0,170000.0,25000.0,0.0,0.0,1750000.0,0.0,DB,32,0.0,SF,1,1.0764,65,16,sf_db_siran_neal
Renardo Green,1335898.0,366795.0,0.0,0.0,0.0,40000.0,0.0,0.0,1742693.0,0.0,DB,26,0.0,SF,1,1.0764,65,16,sf_db_renardo_green
Robert Jones,1300000.0,340000.0,0.0,0.0,85000.0,25000.0,0.0,1300000.0,1665000.0,0.0,,25,0.0,SF,1,7.426071794871795,613,7,sf_nan_robert_jones
Dominick Puni,1263232.0,241463.0,0.0,0.0,0.0,50000.0,0.0,0.0,1554695.0,0.0,OL,26,0.0,SF,1,7.426071794871795,613,7,sf_ol_dominick_puni
Nick Martin,1008258.0,353030.0,0.0,0.0,0.0,50000.0,0.0,0.0,1491288.0,0.0,LB,24,0.0,SF,1,7.426071794871795,613,7,sf_lb_nick_martin
Upton Stout,1070054.0,280215.0,0.0,0.0,0.0,50000.0,0.0,0.0,1400269.0,0.0,DB,24,0.0,SF,1,1.0764,65,16,sf_db_upton_stout
Jon Weeks,1300000.0,137500.0,0.0,0.0,0.0,50000.0,0.0,1075000.0,1262500.0,0.0,LS,40,0.0,SF,1,7.426071794871795,613,7,sf_ls_jon_weeks
Malik Mustapha,1075000.0,184734.0,0.0,0.0,0.0,0.0,0.0,0.0,1259734.0,0.0,DB,24,0.0,SF,1,1.0764,65,16,sf_db_malik_mustapha
C.J. West,1005000.0,252773.0,0.0,0.0,0.0,0.0,0.0,0.0,1257773.0,0.0,DL,24,0.0,SF,1,7.426071794871795,613,7,sf_dl_c_j__west
Cameron Sample,1215000.0,0.0,0.0,86500.0,51000.0,50000.0,0.0,225000.0,1253500.0,0.0,,25,0.0,SF,1,7.426071794871795,613,7,sf_nan_cameron_sample
Isaac Guerendo,1075000.0,176132.0,0.0,0.0,0.0,0.0,0.0,0.0,1251132.0,0.0,RB,26,0.0,SF,1,11.3866,845,4,sf_rb_isaac_guerendo
Kaelon Black,885000.0,356686.0,0.0,0.0,0.0,0.0,0.0,0.0,1241686.0,0.0,,25,0.0,SF,1,7.426071794871795,613,7,sf_nan_kaelon_black
Darrell Luter Jr.,1145000.0,78378.0,0.0,0.0,0.0,0.0,0.0,0.0,1223378.0,0.0,DB,26,0.0,SF,1,1.0764,65,16,sf_db_darrell_luter_jr_
Jacob Cowing,1075000.0,132177.0,0.0,0.0,0.0,0.0,0.0,0.0,1207177.0,0.0,WR,25,0.0,SF,1,4.6359,195,14,sf_wr_jacob_cowing
Jordan Watkins,1005000.0,166454.0,0.0,0.0,0.0,0.0,0.0,0.0,1171454.0,0.0,WR,24,0.0,SF,1,12.000116666666665,603,7,sf_wr_jordan_watkins
Carver Willis,885000.0,267498.0,0.0,0.0,0.0,0.0,0.0,0.0,1152498.0,0.0,,25,0.0,SF,1,7.426071794871795,613,7,sf_nan_carver_willis
Corliss Waitman,1215000.0,75000.0,0.0,0.0,0.0,0.0,0.0,400000.0,1150000.0,0.0,,25,0.0,SF,1,7.426071794871795,613,7,sf_nan_corliss_waitman
Jalen Graham,1145000.0,0.0,0.0,0.0,0.0,0.0,0.0,0.0,1145000.0,0.0,LB,26,0.0,SF,1,7.426071794871795,613,7,sf_lb_jalen_graham
Zachary Thomas,1145000.0,0.0,0.0,0.0,0.0,0.0,0.0,0.0,1145000.0,0.0,,25,0.0,SF,1,7.426071794871795,613,7,sf_nan_zachary_thomas
Top 51 Cutoff,0.0,0.0,0.0,0.0,0.0,0.0,0.0,0.0,0.0,0.0,,25,0.0,SF,1,7.426071794871795,613,7,sf_nan_top_51_cutoff
Brayden Willis,1145000.0,0.0,0.0,0.0,0.0,0.0,0.0,0.0,1145000.0,0.0,TE,27,0.0,SF,1,-1.4461,65,16,sf_te_brayden_willis
Jordan James,1005000.0,109921.0,0.0,0.0,0.0,0.0,0.0,0.0,1114921.0,0.0,RB,22,0.0,SF,1,-1.1995833333333332,682,6,sf_rb_jordan_james
Marques Sigle,1005000.0,100594.0,0.0,0.0,0.0,0.0,0.0,0.0,1105594.0,0.0,DB,24,0.0,SF,1,1.0764,65,16,sf_db_marques_sigle
Tatum Bethune,1075000.0,20452.0,0.0,0.0,0.0,0.0,0.0,0.0,1095452.0,0.0,LB,25,0.0,SF,1,7.426071794871795,613,7,sf_lb_tatum_bethune
Ephesians Prysock,885000.0,197259.0,0.0,0.0,0.0,0.0,0.0,0.0,1082259.0,0.0,,25,0.0,SF,1,7.426071794871795,613,7,sf_nan_ephesians_prysock
Austen Pleasants,1075000.0,0.0,0.0,0.0,0.0,0.0,0.0,0.0,1075000.0,0.0,OL,29,0.0,SF,1,7.426071794871795,613,7,sf_ol_austen_pleasants
Colton Dowell,1075000.0,0.0,0.0,0.0,0.0,0.0,0.0,0.0,1075000.0,0.0,WR,27,0.0,SF,1,12.000116666666665,603,7,sf_wr_colton_dowell
Eli Apple,1300000.0,0.0,0.0,0.0,0.0,0.0,0.0,0.0,1075000.0,0.0,DB,31,0.0,SF,1,1.0764,65,16,sf_db_eli_apple
Patrick Taylor,1215000.0,0.0,0.0,0.0,0.0,0.0,0.0,0.0,1075000.0,0.0,RB,28,0.0,SF,1,-8.0171,325,12,sf_rb_patrick_taylor
Jack Jones,1215000.0,0.0,0.0,0.0,0.0,0.0,0.0,0.0,1075000.0,0.0,,25,0.0,SF,1,7.426071794871795,613,7,sf_nan_jack_jones
Brandon Parker,1215000.0,0.0,0.0,0.0,0.0,0.0,0.0,0.0,1075000.0,0.0,OL,31,0.0,SF,1,7.426071794871795,613,7,sf_ol_brandon_parker
Malik Turner,1215000.0,0.0,0.0,0.0,0.0,0.0,0.0,0.0,1075000.0,0.0,WR,30,0.0,SF,1,12.000116666666665,603,7,sf_wr_malik_turner
Nick Zakelj,1215000.0,0.0,0.0,0.0,0.0,0.0,0.0,0.0,1075000.0,0.0,OL,27,0.0,SF,1,7.426071794871795,613,7,sf_ol_nick_zakelj
Garret Wallow,1215000.0,0.0,0.0,25000.0,0.0,0.0,0.0,330300.0,1075000.0,0.0,LB,27,0.0,SF,1,7.426071794871795,613,7,sf_lb_garret_wallow
Connor Colby,1005000.0,25418.0,0.0,0.0,0.0,0.0,0.0,0.0,1030418.0,0.0,OL,23,0.0,SF,1,7.426071794871795,613,7,sf_ol_connor_colby
Jaden Dugger,885000.0,125837.0,0.0,0.0,0.0,0.0,0.0,0.0,1010837.0,0.0,,25,0.0,SF,1,7.426071794871795,613,7,sf_nan_jaden_dugger
Sincere McCormick,1005000.0,0.0,0.0,0.0,0.0,0.0,0.0,0.0,1005000.0,0.0,,25,0.0,SF,1,7.426071794871795,613,7,sf_nan_sincere_mccormick
Hayden Rucci,1005000.0,0.0,0.0,0.0,0.0,0.0,0.0,0.0,1005000.0,0.0,TE,25,0.0,SF,1,8.166866666666667,667,6,sf_te_hayden_rucci
Adrian Martinez,1005000.0,0.0,0.0,0.0,0.0,0.0,0.0,0.0,1005000.0,0.0,QB,26,0.0,SF,1,26.9581,758,5,sf_qb_adrian_martinez
Patrick McMorris,1005000.0,0.0,0.0,0.0,0.0,0.0,0.0,0.0,1005000.0,0.0,,25,0.0,SF,1,7.426071794871795,613,7,sf_nan_patrick_mcmorris
William Bradley-King,1005000.0,0.0,0.0,0.0,0.0,0.0,0.0,0.0,1005000.0,0.0,,25,0.0,SF,1,7.426071794871795,613,7,sf_nan_william_bradley_king
Evan Anderson,1005000.0,0.0,0.0,0.0,0.0,0.0,0.0,0.0,1005000.0,0.0,DL,24,0.0,SF,1,7.426071794871795,613,7,sf_dl_evan_anderson
Sebastian Valdez,1005000.0,0.0,0.0,0.0,0.0,0.0,0.0,0.0,1005000.0,0.0,DL,24,0.0,SF,1,7.426071794871795,613,7,sf_dl_sebastian_valdez
Andrew Farmer,1005000.0,0.0,0.0,0.0,0.0,0.0,0.0,0.0,1005000.0,0.0,LB,26,0.0,SF,1,7.426071794871795,613,7,sf_lb_andrew_farmer
Enrique Cruz Jr.,885000.0,94869.0,0.0,0.0,0.0,0.0,0.0,0.0,979869.0,0.0,,25,0.0,SF,1,7.426071794871795,613,7,sf_nan_enrique_cruz_jr_
Kurtis Rourke,885000.0,33559.0,0.0,0.0,0.0,0.0,0.0,0.0,918559.0,0.0,QB,26,0.0,SF,1,26.9581,758,5,sf_qb_kurtis_rourke
James Thompson Jr.,885000.0,10000.0,0.0,0.0,0.0,0.0,0.0,247500.0,895000.0,0.0,,25,0.0,SF,1,7.426071794871795,613,7,sf_nan_james_thompson_jr_
Will Pauling,885000.0,10000.0,0.0,0.0,0.0,0.0,0.0,247500.0,895000.0,0.0,,25,0.0,SF,1,7.426071794871795,613,7,sf_nan_will_pauling
Khalil Dinkins,885000.0,9166.0,0.0,0.0,0.0,0.0,0.0,247500.0,894166.0,0.0,,25,0.0,SF,1,7.426071794871795,613,7,sf_nan_khalil_dinkins
Bryson Eason,885000.0,8333.0,0.0,0.0,0.0,0.0,0.0,247500.0,893333.0,0.0,,25,0.0,SF,1,7.426071794871795,613,7,sf_nan_bryson_eason
Jakob Robinson,885000.0,6666.0,0.0,0.0,0.0,0.0,0.0,0.0,891666.0,0.0,DB,26,0.0,SF,1,1.0764,65,16,sf_db_jakob_robinson
Wesley Grimes,885000.0,3333.0,0.0,0.0,0.0,0.0,0.0,190000.0,888333.0,0.0,,25,0.0,SF,1,7.426071794871795,613,7,sf_nan_wesley_grimes
Jalen Stroman,885000.0,3333.0,0.0,0.0,0.0,0.0,0.0,50000.0,888333.0,0.0,,25,0.0,SF,1,7.426071794871795,613,7,sf_nan_jalen_stroman
Drake Nugent,885000.0,0.0,0.0,0.0,0.0,0.0,0.0,0.0,885000.0,0.0,OL,25,0.0,SF,1,7.426071794871795,613,7,sf_ol_drake_nugent
Derrick Canteen,885000.0,0.0,0.0,0.0,0.0,0.0,0.0,0.0,885000.0,0.0,DB,25,0.0,SF,1,1.0764,65,16,sf_db_derrick_canteen
Junior Bergen,885000.0,0.0,0.0,0.0,0.0,0.0,0.0,0.0,885000.0,0.0,WR,24,0.0,SF,1,12.000116666666665,603,7,sf_wr_junior_bergen
Isaac Alarcon,885000.0,0.0,0.0,0.0,0.0,0.0,0.0,0.0,885000.0,0.0,OL,28,0.0,SF,1,7.426071794871795,613,7,sf_ol_isaac_alarcon
Mikail Kamara,885000.0,0.0,0.0,0.0,0.0,0.0,0.0,50000.0,885000.0,0.0,,25,0.0,SF,1,7.426071794871795,613,7,sf_nan_mikail_kamara
Larry Worth III,885000.0,0.0,0.0,0.0,0.0,0.0,0.0,0.0,885000.0,0.0,,25,0.0,SF,1,7.426071794871795,613,7,sf_nan_larry_worth_iii
Romello Height,885000.0,0.0,0.0,0.0,0.0,0.0,0.0,0.0,885000.0,0.0,,25,0.0,SF,1,7.426071794871795,613,7,sf_nan_romello_height
Gracen Halton,885000.0,0.0,0.0,0.0,0.0,0.0,0.0,0.0,885000.0,0.0,,25,0.0,SF,1,7.426071794871795,613,7,sf_nan_gracen_halton
Sam Darnold,12300000.0,6400000.0,0.0,15000000.0,0.0,200000.0,4000000.0,17500000.0,37900000.0,0.0,QB,29,0.0,SEA,1,26.9581,758,5,sea_qb_sam_darnold
Leonard Williams,15800000.0,12986250.0,0.0,0.0,850000.0,0.0,0.0,0.0,29636250.0,0.0,DL,32,0.0,SEA,1,7.426071794871795,613,7,sea_dl_leonard_williams
Uchenna Nwosu,11000000.0,8508334.0,0.0,0.0,510000.0,0.0,0.0,0.0,20018334.0,0.0,LB,30,0.0,SEA,1,7.426071794871795,613,7,sea_lb_uchenna_nwosu
Cooper Kupp,12990000.0,4000000.0,0.0,0.0,510000.0,0.0,0.0,9000000.0,17470000.0,0.0,WR,33,0.0,SEA,1,12.000116666666665,603,7,sea_wr_cooper_kupp
Julian Love,8320000.0,2625000.0,1611667.0,0.0,680000.0,0.0,0.0,0.0,12876666.0,0.0,DB,28,0.0,SEA,1,2.1528,65,16,sea_db_julian_love
Demarcus Lawrence,8150000.0,2133333.0,0.0,0.0,850000.0,0.0,500000.0,5000000.0,11783333.0,0.0,LB,34,0.0,SEA,1,7.426071794871795,613,7,sea_lb_demarcus_lawrence
Ernest Jones,7900000.0,2333333.0,0.0,0.0,850000.0,0.0,500000.0,5000000.0,11483333.0,0.0,LB,27,0.0,SEA,1,7.426071794871795,613,7,sea_lb_ernest_jones
Charles Cross,1690000.0,5000000.0,3000000.0,0.0,1020000.0,350000.0,0.0,3060000.0,10880000.0,0.0,OL,26,0.0,SEA,1,7.426071794871795,613,7,sea_ol_charles_cross
Abraham Lucas,6596000.0,2802500.0,0.0,0.0,1020000.0,0.0,0.0,6616000.0,10418500.0,0.0,OL,28,0.0,SEA,1,7.426071794871795,613,7,sea_ol_abraham_lucas
Jaxon Smith-Njigba,1250000.0,8871329.0,0.0,0.0,0.0,250000.0,0.0,1500000.0,10371329.0,0.0,WR,24,0.0,SEA,1,17.9316,1105,0,sea_wr_jaxon_smith_njigba
Devon Witherspoon,1145000.0,5042937.0,0.0,3949702.0,0.0,0.0,0.0,5094702.0,10137639.0,0.0,DB,26,0.0,SEA,1,1.0764,65,16,sea_db_devon_witherspoon
Jarran Reed,5490000.0,1500000.0,0.0,0.0,510000.0,0.0,0.0,2000000.0,7380000.0,0.0,DL,34,0.0,SEA,1,7.426071794871795,613,7,sea_dl_jarran_reed
Jason Myers,5350000.0,1875000.0,0.0,0.0,0.0,0.0,0.0,0.0,7225000.0,0.0,K,35,0.0,SEA,1,7.426071794871795,613,7,sea_k_jason_myers
Rashid Shaheed,2235000.0,4000000.0,0.0,0.0,765000.0,0.0,0.0,3000000.0,7000000.0,0.0,WR,28,0.0,SEA,1,12.000116666666665,603,7,sea_wr_rashid_shaheed
Derick Hall,1250000.0,4157382.0,0.0,0.0,1020000.0,0.0,0.0,2270000.0,6247382.0,0.0,LB,25,0.0,SEA,1,7.426071794871795,613,7,sea_lb_derick_hall
Josh Jobe,1990000.0,2333333.0,0.0,0.0,510000.0,0.0,0.0,2500000.0,4803333.0,0.0,DB,28,0.0,SEA,1,1.0764,65,16,sea_db_josh_jobe
Byron Murphy,1075000.0,2129204.0,0.0,1182102.0,0.0,0.0,0.0,2257102.0,4386306.0,0.0,DL,24,0.0,SEA,1,7.426071794871795,613,7,sea_dl_byron_murphy
Grey Zabel,1005000.0,2518447.0,0.0,674612.0,0.0,0.0,0.0,1679612.0,4198059.0,0.0,OL,24,0.0,SEA,1,7.426071794871795,613,7,sea_ol_grey_zabel
Josh Jones,2245000.0,1500000.0,0.0,0.0,255000.0,0.0,0.0,1500000.0,3955000.0,0.0,OL,29,0.0,SEA,1,7.426071794871795,613,7,sea_ol_josh_jones
Anthony Bradford,3674000.0,200997.0,0.0,0.0,0.0,0.0,0.0,0.0,3874997.0,0.0,OL,25,0.0,SEA,1,7.426071794871795,613,7,sea_ol_anthony_bradford
Michael Dickson,2700000.0,1000000.0,0.0,0.0,0.0,0.0,100000.0,2700000.0,3800000.0,0.0,P,30,0.0,SEA,1,3.4815,65,16,sea_p_michael_dickson
Drake Thomas,2545000.0,750000.0,0.0,0.0,255000.0,0.0,0.0,1500000.0,3550000.0,0.0,LB,26,0.0,SEA,1,7.426071794871795,613,7,sea_lb_drake_thomas
Jadarian Price,885000.0,2166590.0,0.0,0.0,0.0,0.0,0.0,885000.0,3051590.0,0.0,,25,0.0,SEA,1,7.426071794871795,613,7,sea_nan_jadarian_price
Drew Lock,2250000.0,500000.0,0.0,0.0,0.0,0.0,0.0,0.0,2750000.0,0.0,QB,30,0.0,SEA,1,-0.8646,260,13,sea_qb_drew_lock
Nick Emmanwori,1367330.0,1269320.0,0.0,0.0,0.0,0.0,0.0,0.0,2636650.0,0.0,DB,22,0.0,SEA,1,1.0764,65,16,sea_db_nick_emmanwori
Dante Fowler Jr.,1320000.0,500000.0,0.0,0.0,680000.0,0.0,0.0,0.0,2500000.0,0.0,,25,0.0,SEA,1,7.426071794871795,613,7,sea_nan_dante_fowler_jr_
Jake Bobo,1250000.0,875000.0,0.0,0.0,200000.0,50000.0,0.0,1250000.0,2316176.0,0.0,WR,28,0.0,SEA,1,3.205,812,4,sea_wr_jake_bobo
Brady Russell,1500000.0,500000.0,0.0,0.0,255000.0,0.0,0.0,1145000.0,2255000.0,0.0,RB,28,0.0,SEA,1,-1.1995833333333332,682,6,sea_rb_brady_russell
Zach Charbonnet,1687647.0,500196.0,0.0,0.0,0.0,0.0,0.0,0.0,2187843.0,0.0,RB,25,0.0,SEA,1,-7.9801,1072,0,sea_rb_zach_charbonnet
Eric Saubert,1660000.0,250000.0,0.0,0.0,340000.0,0.0,0.0,500000.0,2130000.0,0.0,TE,32,0.0,SEA,1,8.166866666666667,667,6,sea_te_eric_saubert
Elijah Arroyo,1240608.0,762431.0,0.0,0.0,0.0,0.0,0.0,1240608.0,2003039.0,0.0,TE,23,0.0,SEA,1,8.166866666666667,667,6,sea_te_elijah_arroyo
Noah Igbinoghene,1215000.0,255000.0,0.0,0.0,340000.0,0.0,0.0,495000.0,1770000.0,0.0,,25,0.0,SEA,1,7.426071794871795,613,7,sea_nan_noah_igbinoghene
Brandon Pili,1345000.0,250000.0,0.0,0.0,170000.0,0.0,0.0,500000.0,1725000.0,0.0,DL,27,0.0,SEA,1,7.426071794871795,613,7,sea_dl_brandon_pili
Emanuel Wilson,1145000.0,250000.0,0.0,0.0,200000.0,0.0,0.0,300000.0,1595000.0,0.0,,25,0.0,SEA,1,7.426071794871795,613,7,sea_nan_emanuel_wilson
Christian Haynes,1322524.0,260048.0,0.0,0.0,0.0,0.0,0.0,0.0,1582572.0,0.0,OL,26,0.0,SEA,1,7.426071794871795,613,7,sea_ol_christian_haynes
D'Anthony Bell,1215000.0,100000.0,0.0,0.0,170000.0,0.0,0.0,125000.0,1455000.0,0.0,,25,0.0,SEA,1,7.426071794871795,613,7,sea_nan_d_anthony_bell
Bud Clark,885000.0,547400.0,0.0,0.0,0.0,0.0,0.0,885000.0,1432400.0,0.0,,25,0.0,SEA,1,7.426071794871795,613,7,sea_nan_bud_clark
Jalen Milroe,1005000.0,298925.0,0.0,119731.0,0.0,0.0,0.0,0.0,1423656.0,0.0,QB,24,0.0,SEA,1,26.9581,758,5,sea_qb_jalen_milroe
Chris Stoll,1145000.0,250000.0,0.0,0.0,0.0,0.0,0.0,700000.0,1395000.0,0.0,LS,28,0.0,SEA,1,7.426071794871795,613,7,sea_ls_chris_stoll
Tyrice Knight,1075000.0,193140.0,0.0,0.0,0.0,0.0,0.0,0.0,1268140.0,0.0,LB,27,0.0,SEA,1,7.426071794871795,613,7,sea_lb_tyrice_knight
A.J. Barner,1075000.0,188777.0,0.0,0.0,0.0,0.0,0.0,0.0,1263777.0,0.0,TE,24,0.0,SEA,1,11.0866,910,3,sea_te_a_j__barner
Rodney Thomas,1215000.0,187500.0,0.0,0.0,0.0,0.0,0.0,0.0,1262500.0,0.0,,25,0.0,SEA,1,7.426071794871795,613,7,sea_nan_rodney_thomas
Chazz Surratt,1215000.0,100000.0,0.0,0.0,85000.0,0.0,0.0,250000.0,1230000.0,0.0,LB,29,0.0,SEA,1,7.426071794871795,613,7,sea_lb_chazz_surratt
Mike Morris,1145000.0,80519.0,0.0,0.0,0.0,0.0,0.0,0.0,1225519.0,0.0,DL,25,0.0,SEA,1,7.426071794871795,613,7,sea_dl_mike_morris
Olusegun Oluwatimi,1145000.0,79115.0,0.0,0.0,0.0,0.0,0.0,0.0,1224115.0,0.0,OL,27,0.0,SEA,1,7.426071794871795,613,7,sea_ol_olusegun_oluwatimi
Julian Neal,885000.0,332073.0,0.0,0.0,0.0,0.0,0.0,0.0,1217073.0,0.0,,25,0.0,SEA,1,7.426071794871795,613,7,sea_nan_julian_neal
Nehemiah Pritchett,1075000.0,94768.0,0.0,0.0,0.0,0.0,0.0,0.0,1169768.0,0.0,DB,25,0.0,SEA,1,1.0764,65,16,sea_db_nehemiah_pritchett
Kenny McIntosh,1145000.0,22713.0,0.0,0.0,0.0,0.0,0.0,0.0,1167713.0,0.0,RB,26,0.0,SEA,1,1.084,455,10,sea_rb_kenny_mcintosh
Ty Okada,1145000.0,0.0,0.0,0.0,0.0,0.0,0.0,0.0,1145000.0,0.0,DB,27,0.0,SEA,1,1.0764,65,16,sea_db_ty_okada
Cody White,1145000.0,0.0,0.0,0.0,0.0,0.0,0.0,0.0,1145000.0,0.0,WR,28,0.0,SEA,1,2.5475,65,16,sea_wr_cody_white
Patrick O'Connell,1145000.0,0.0,0.0,0.0,0.0,0.0,0.0,0.0,1145000.0,0.0,LB,28,0.0,SEA,1,7.426071794871795,613,7,sea_lb_patrick_o_connell
Top 51 Cutoff,0.0,0.0,0.0,0.0,0.0,0.0,0.0,0.0,0.0,0.0,,25,0.0,SEA,1,7.426071794871795,613,7,sea_nan_top_51_cutoff
Harrison Bryant,1215000.0,50000.0,0.0,0.0,0.0,0.0,0.0,0.0,1125000.0,0.0,,25,0.0,SEA,1,7.426071794871795,613,7,sea_nan_harrison_bryant
Rylie Mills,1005000.0,116875.0,0.0,0.0,0.0,0.0,0.0,0.0,1121875.0,0.0,DL,25,0.0,SEA,1,7.426071794871795,613,7,sea_dl_rylie_mills
Tory Horton,1005000.0,91260.0,0.0,0.0,0.0,0.0,0.0,0.0,1096260.0,0.0,WR,24,0.0,SEA,1,12.000116666666665,603,7,sea_wr_tory_horton
Robbie Ouzts,1005000.0,80054.0,0.0,0.0,0.0,0.0,0.0,0.0,1085054.0,0.0,RB,24,0.0,SEA,1,-1.1995833333333332,682,6,sea_rb_robbie_ouzts
Irvin Charles,1075000.0,0.0,0.0,0.0,0.0,0.0,0.0,0.0,1075000.0,0.0,,25,0.0,SEA,1,7.426071794871795,613,7,sea_nan_irvin_charles
Jalen Sundell,1075000.0,0.0,0.0,0.0,0.0,0.0,0.0,0.0,1075000.0,0.0,OL,27,0.0,SEA,1,7.426071794871795,613,7,sea_ol_jalen_sundell
A.J. Finley,1075000.0,0.0,0.0,0.0,0.0,0.0,0.0,0.0,1075000.0,0.0,DB,25,0.0,SEA,1,1.0764,65,16,sea_db_a_j__finley
George Holani,1075000.0,0.0,0.0,0.0,0.0,0.0,0.0,0.0,1075000.0,0.0,RB,27,0.0,SEA,1,-1.1805,130,15,sea_rb_george_holani
Velus Jones Jr.,1215000.0,0.0,0.0,0.0,0.0,0.0,0.0,0.0,1075000.0,0.0,RB,29,0.0,SEA,1,-1.1995833333333332,682,6,sea_rb_velus_jones_jr_
Shemar Jean-Charles,1215000.0,0.0,0.0,25000.0,0.0,0.0,0.0,0.0,1075000.0,0.0,DB,28,0.0,SEA,1,1.0764,65,16,sea_db_shemar_jean_charles
Bobby Hart,1300000.0,0.0,0.0,0.0,0.0,0.0,0.0,0.0,1075000.0,0.0,,25,0.0,SEA,1,7.426071794871795,613,7,sea_nan_bobby_hart
Bryce Cabeldue,1005000.0,58065.0,0.0,0.0,0.0,0.0,0.0,0.0,1063065.0,0.0,OL,25,0.0,SEA,1,7.426071794871795,613,7,sea_ol_bryce_cabeldue
Mason Richman,1005000.0,31481.0,0.0,0.0,0.0,0.0,0.0,0.0,1036481.0,0.0,OL,24,0.0,SEA,1,7.426071794871795,613,7,sea_ol_mason_richman
Beau Stephens,885000.0,130593.0,0.0,0.0,0.0,0.0,0.0,0.0,1015593.0,0.0,,25,0.0,SEA,1,7.426071794871795,613,7,sea_nan_beau_stephens
Connor O'Toole,1005000.0,10000.0,0.0,0.0,0.0,0.0,0.0,0.0,1015000.0,0.0,LB,24,0.0,SEA,1,7.426071794871795,613,7,sea_lb_connor_o_toole
Nick Kallerup,1005000.0,8333.0,0.0,0.0,0.0,0.0,0.0,0.0,1013333.0,0.0,TE,25,0.0,SEA,1,8.166866666666667,667,6,sea_te_nick_kallerup
Jared Ivey,1005000.0,5000.0,0.0,0.0,0.0,0.0,0.0,0.0,1010000.0,0.0,LB,25,0.0,SEA,1,7.426071794871795,613,7,sea_lb_jared_ivey
Ja'Markis Weston,1005000.0,0.0,0.0,0.0,0.0,0.0,0.0,0.0,1005000.0,0.0,LB,26,0.0,SEA,1,7.426071794871795,613,7,sea_lb_ja_markis_weston
Amari Kight,1005000.0,0.0,0.0,0.0,0.0,0.0,0.0,0.0,1005000.0,0.0,OL,26,0.0,SEA,1,7.426071794871795,613,7,sea_ol_amari_kight
Emmanuel Henderson,885000.0,68298.0,0.0,0.0,0.0,0.0,0.0,0.0,953298.0,0.0,,25,0.0,SEA,1,7.426071794871795,613,7,sea_nan_emmanuel_henderson
Andre Fuller,885000.0,35183.0,0.0,0.0,0.0,0.0,0.0,0.0,920183.0,0.0,,25,0.0,SEA,1,7.426071794871795,613,7,sea_nan_andre_fuller
Deven Eastern,885000.0,32156.0,0.0,0.0,0.0,0.0,0.0,0.0,917156.0,0.0,,25,0.0,SEA,1,7.426071794871795,613,7,sea_nan_deven_eastern
Michael Dansby,885000.0,30122.0,0.0,0.0,0.0,0.0,0.0,0.0,915122.0,0.0,,25,0.0,SEA,1,7.426071794871795,613,7,sea_nan_michael_dansby
Aidan Hubbard,885000.0,6666.0,0.0,0.0,0.0,0.0,0.0,247500.0,891666.0,0.0,,25,0.0,SEA,1,7.426071794871795,613,7,sea_nan_aidan_hubbard
Lance Mason,885000.0,6666.0,0.0,0.0,0.0,0.0,0.0,0.0,891666.0,0.0,,25,0.0,SEA,1,7.426071794871795,613,7,sea_nan_lance_mason
Marvin Jones Jr.,885000.0,5000.0,0.0,0.0,0.0,0.0,0.0,50000.0,890000.0,0.0,,25,0.0,SEA,1,7.426071794871795,613,7,sea_nan_marvin_jones_jr_
Uso Seumalo,885000.0,3333.0,0.0,0.0,0.0,0.0,0.0,30000.0,888333.0,0.0,,25,0.0,SEA,1,7.426071794871795,613,7,sea_nan_uso_seumalo
Bubba Thomas,885000.0,0.0,0.0,0.0,0.0,0.0,0.0,0.0,885000.0,0.0,,25,0.0,SEA,1,7.426071794871795,613,7,sea_nan_bubba_thomas
Montorie Foster,885000.0,0.0,0.0,0.0,0.0,0.0,0.0,0.0,885000.0,0.0,WR,25,0.0,SEA,1,12.000116666666665,603,7,sea_wr_montorie_foster
Federico Maranges,885000.0,0.0,0.0,0.0,0.0,0.0,0.0,0.0,885000.0,0.0,OL,25,0.0,SEA,1,7.426071794871795,613,7,sea_ol_federico_maranges
Chris Paul Jr.,885000.0,0.0,0.0,0.0,0.0,0.0,0.0,0.0,885000.0,0.0,,25,0.0,SEA,1,7.426071794871795,613,7,sea_nan_chris_paul_jr_
Jamie Sheriff,885000.0,0.0,0.0,0.0,0.0,0.0,0.0,0.0,885000.0,0.0,LB,26,0.0,SEA,1,7.426071794871795,613,7,sea_lb_jamie_sheriff
J.R. Singleton,885000.0,0.0,0.0,0.0,0.0,0.0,0.0,0.0,885000.0,0.0,DL,24,0.0,SEA,1,7.426071794871795,613,7,sea_dl_j_r__singleton
Tyrone Broden,885000.0,0.0,0.0,0.0,0.0,0.0,0.0,0.0,885000.0,0.0,WR,25,0.0,SEA,1,12.000116666666665,603,7,sea_wr_tyrone_broden
Ricky White,885000.0,0.0,0.0,0.0,0.0,0.0,0.0,0.0,885000.0,0.0,WR,24,0.0,SEA,1,12.000116666666665,603,7,sea_wr_ricky_white
Jacardia Wright,885000.0,0.0,0.0,0.0,0.0,0.0,0.0,0.0,885000.0,0.0,RB,26,0.0,SEA,1,-1.1995833333333332,682,6,sea_rb_jacardia_wright
Jalan Gaines,885000.0,0.0,0.0,0.0,0.0,0.0,0.0,0.0,885000.0,0.0,DL,25,0.0,SEA,1,7.426071794871795,613,7,sea_dl_jalan_gaines
Logan Brown,885000.0,0.0,0.0,0.0,0.0,0.0,0.0,0.0,885000.0,0.0,OL,25,0.0,SEA,1,7.426071794871795,613,7,sea_ol_logan_brown
Rashad Rochelle,885000.0,0.0,0.0,0.0,0.0,0.0,0.0,0.0,885000.0,0.0,,25,0.0,SEA,1,7.426071794871795,613,7,sea_nan_rashad_rochelle
Maxen Hook,885000.0,0.0,0.0,0.0,0.0,0.0,0.0,0.0,885000.0,0.0,DB,25,0.0,SEA,1,1.0764,65,16,sea_db_maxen_hook
Matt Stafford,16000000.0,27466668.0,4800000.0,0.0,0.0,0.0,0.0,40000000.0,48266668.0,0.0,QB,38,0.0,LAR,1,21.3164,1007,1,lar_qb_matt_stafford
Davante Adams,18000000.0,4000000.0,0.0,6000000.0,0.0,0.0,0.0,6000000.0,28000000.0,0.0,WR,34,0.0,LAR,1,12.000116666666665,603,7,lar_wr_davante_adams
Alaric Jackson,18925000.0,5000000.0,0.0,0.0,1450000.0,0.0,0.0,18425000.0,25375000.0,0.0,OL,28,0.0,LAR,1,7.426071794871795,613,7,lar_ol_alaric_jackson
Kevin Dotson,8000000.0,1416668.0,0.0,8000000.0,0.0,0.0,0.0,8000000.0,17416668.0,0.0,OL,30,0.0,LAR,1,7.426071794871795,613,7,lar_ol_kevin_dotson
Kyren Williams,5500000.0,1287500.0,0.0,5500000.0,645000.0,0.0,0.0,11645000.0,12932500.0,0.0,RB,26,0.0,LAR,1,-6.5657,910,3,lar_rb_kyren_williams
Quentin Lake,5500000.0,250000.0,0.0,5500000.0,750000.0,0.0,0.0,11750000.0,11691176.0,0.0,DB,27,0.0,LAR,1,1.0764,65,16,lar_db_quentin_lake
Poona Ford,5000000.0,1833333.0,0.0,3850000.0,750000.0,0.0,0.0,9100000.0,11433333.0,0.0,DL,31,0.0,LAR,1,7.426071794871795,613,7,lar_dl_poona_ford
Trent McDuffie,4000000.0,2800000.0,0.0,4000000.0,0.0,0.0,0.0,8000000.0,10800000.0,0.0,,25,0.0,LAR,1,7.426071794871795,613,7,lar_nan_trent_mcduffie
Coleman Shelton,5000000.0,1500000.0,0.0,3000000.0,0.0,0.0,0.0,4000000.0,9500000.0,0.0,OL,31,0.0,LAR,1,7.426071794871795,613,7,lar_ol_coleman_shelton
Colby Parkinson,5500000.0,2083334.0,0.0,1500000.0,0.0,0.0,0.0,0.0,9083334.0,0.0,TE,27,0.0,LAR,1,3.1986,975,2,lar_te_colby_parkinson
Myles Garrett,1300000.0,7140000.0,0.0,0.0,510000.0,0.0,0.0,1810000.0,8440000.0,0.0,,25,0.0,LAR,1,7.426071794871795,613,7,lar_nan_myles_garrett
Kamren Curl,4600000.0,2166666.0,0.0,0.0,650000.0,0.0,0.0,6750000.0,7416666.0,0.0,,25,0.0,LAR,1,7.426071794871795,613,7,lar_nan_kamren_curl
Nate Landman,2000000.0,125000.0,0.0,4450000.0,650000.0,0.0,0.0,7100000.0,7225000.0,0.0,LB,28,0.0,LAR,1,7.426071794871795,613,7,lar_lb_nate_landman
Jaylen Watson,2250000.0,4246666.0,0.0,0.0,510000.0,0.0,0.0,2760000.0,6946666.0,0.0,,25,0.0,LAR,1,7.426071794871795,613,7,lar_nan_jaylen_watson
Byron Young,5767000.0,260043.0,0.0,0.0,0.0,0.0,0.0,0.0,6027043.0,0.0,LB,28,0.0,LAR,1,7.426071794871795,613,7,lar_lb_byron_young
Puka Nacua,5767000.0,61245.0,0.0,0.0,0.0,0.0,0.0,0.0,5828245.0,0.0,WR,25,0.0,LAR,1,30.9666,910,3,lar_wr_puka_nacua
Tyler Higbee,2300000.0,2101289.0,0.0,600000.0,100000.0,0.0,0.0,3000000.0,5060112.0,0.0,TE,33,0.0,LAR,1,5.2485,585,8,lar_te_tyler_higbee
Steve Avila,3674000.0,932310.0,0.0,0.0,0.0,0.0,0.0,201173.0,4606310.0,0.0,OL,27,0.0,LAR,1,7.426071794871795,613,7,lar_ol_steve_avila
Kobie Turner,3924000.0,230267.0,0.0,0.0,0.0,0.0,0.0,0.0,4154267.0,0.0,DL,27,0.0,LAR,1,7.426071794871795,613,7,lar_dl_kobie_turner
Emmanuel Forbes,1951032.0,0.0,0.0,900000.0,0.0,0.0,0.0,2851032.0,2851032.0,0.0,DB,25,0.0,LAR,1,1.0764,65,16,lar_db_emmanuel_forbes
Braden Fiske,1650466.0,915931.0,0.0,0.0,0.0,0.0,0.0,1650466.0,2566397.0,0.0,DL,26,0.0,LAR,1,7.426071794871795,613,7,lar_dl_braden_fiske
Terrance Ferguson,1281521.0,926085.0,0.0,0.0,0.0,0.0,0.0,1281521.0,2207606.0,0.0,TE,23,0.0,LAR,1,8.166866666666667,667,6,lar_te_terrance_ferguson
Grant Stuard,1500000.0,150000.0,0.0,0.0,200000.0,0.0,0.0,1500000.0,1850000.0,0.0,,25,0.0,LAR,1,7.426071794871795,613,7,lar_nan_grant_stuard
Joe Cardona,1300000.0,0.0,0.0,350000.0,0.0,0.0,0.0,1650000.0,1650000.0,0.0,,25,0.0,LAR,1,7.426071794871795,613,7,lar_nan_joe_cardona
Blake Corum,1318978.0,252957.0,0.0,0.0,0.0,0.0,0.0,0.0,1571935.0,0.0,RB,26,0.0,LAR,1,-7.1096,910,3,lar_rb_blake_corum
Kamren Kinchens,1303756.0,222511.0,0.0,0.0,0.0,0.0,0.0,0.0,1526267.0,0.0,DB,24,0.0,LAR,1,1.0764,65,16,lar_db_kamren_kinchens
David Quessenberry,1300000.0,187500.0,0.0,0.0,0.0,0.0,0.0,1075000.0,1487500.0,0.0,OL,36,0.0,LAR,1,7.426071794871795,613,7,lar_ol_david_quessenberry
Max Klare,885000.0,573145.0,0.0,0.0,0.0,0.0,0.0,885000.0,1458145.0,0.0,,25,0.0,LAR,1,7.426071794871795,613,7,lar_nan_max_klare
Josaiah Stewart,1125246.0,300984.0,0.0,0.0,0.0,0.0,0.0,0.0,1426230.0,0.0,LB,23,0.0,LAR,1,7.426071794871795,613,7,lar_lb_josaiah_stewart
Stetson Bennett,1145000.0,174783.0,0.0,0.0,0.0,0.0,0.0,0.0,1319783.0,0.0,QB,29,0.0,LAR,1,26.9581,758,5,lar_qb_stetson_bennett
Jarquez Hunter,1005000.0,249695.0,0.0,0.0,0.0,0.0,0.0,0.0,1254695.0,0.0,RB,24,0.0,LAR,1,-1.1995833333333332,682,6,lar_rb_jarquez_hunter
Keagen Trost,885000.0,350176.0,0.0,0.0,0.0,0.0,0.0,0.0,1235176.0,0.0,,25,0.0,LAR,1,7.426071794871795,613,7,lar_nan_keagen_trost
Warren McClendon,1145000.0,61245.0,0.0,0.0,0.0,0.0,0.0,0.0,1206245.0,0.0,OL,25,0.0,LAR,1,7.426071794871795,613,7,lar_ol_warren_mcclendon
Davis Allen,1145000.0,61245.0,0.0,0.0,0.0,0.0,0.0,0.0,1206245.0,0.0,TE,25,0.0,LAR,1,0.8008,325,12,lar_te_davis_allen
Ethan Evans,1145000.0,27000.0,0.0,0.0,0.0,0.0,0.0,0.0,1172000.0,0.0,P,25,0.0,LAR,1,3.4815,65,16,lar_p_ethan_evans
Desjuan Johnson,1145000.0,19446.0,0.0,0.0,0.0,0.0,0.0,0.0,1164446.0,0.0,DL,27,0.0,LAR,1,7.426071794871795,613,7,lar_dl_desjuan_johnson
Tomon Fox,1145000.0,0.0,0.0,0.0,0.0,0.0,0.0,0.0,1145000.0,0.0,,25,0.0,LAR,1,7.426071794871795,613,7,lar_nan_tomon_fox
Tyler Davis,1075000.0,45638.0,0.0,0.0,0.0,0.0,0.0,0.0,1120638.0,0.0,DL,26,0.0,LAR,1,7.426071794871795,613,7,lar_dl_tyler_davis
Ty Hamilton,1005000.0,109647.0,0.0,0.0,0.0,0.0,0.0,0.0,1114647.0,0.0,DL,24,0.0,LAR,1,7.426071794871795,613,7,lar_dl_ty_hamilton
Jordan Whittington,1075000.0,34597.0,0.0,0.0,0.0,0.0,0.0,0.0,1109597.0,0.0,WR,26,0.0,LAR,1,19.5719,390,11,lar_wr_jordan_whittington
Beaux Limmer,1075000.0,34597.0,0.0,0.0,0.0,0.0,0.0,0.0,1109597.0,0.0,OL,25,0.0,LAR,1,7.426071794871795,613,7,lar_ol_beaux_limmer
Josh Wallace,1075000.0,20000.0,0.0,0.0,0.0,0.0,0.0,0.0,1095000.0,0.0,DB,26,0.0,LAR,1,1.0764,65,16,lar_db_josh_wallace
Jaylen McCollough,1075000.0,5000.0,0.0,0.0,0.0,0.0,0.0,0.0,1080000.0,0.0,DB,26,0.0,LAR,1,1.0764,65,16,lar_db_jaylen_mccollough
Omar Speights,1075000.0,3000.0,0.0,0.0,0.0,0.0,0.0,0.0,1078000.0,0.0,LB,25,0.0,LAR,1,7.426071794871795,613,7,lar_lb_omar_speights
Xavier Smith,1075000.0,0.0,0.0,0.0,0.0,0.0,0.0,0.0,1075000.0,0.0,WR,29,0.0,LAR,1,2.7286,195,14,lar_wr_xavier_smith
Keir Thomas,1075000.0,0.0,0.0,0.0,0.0,0.0,0.0,0.0,1075000.0,0.0,LB,28,0.0,LAR,1,7.426071794871795,613,7,lar_lb_keir_thomas
Ronnie Rivers,1215000.0,0.0,0.0,0.0,0.0,0.0,0.0,330300.0,1075000.0,0.0,RB,27,0.0,LAR,1,-0.3061,390,11,lar_rb_ronnie_rivers
Larrell Murchison,1215000.0,0.0,0.0,0.0,0.0,0.0,0.0,330300.0,1075000.0,0.0,DL,29,0.0,LAR,1,7.426071794871795,613,7,lar_dl_larrell_murchison
Justin Dedich,1075000.0,0.0,0.0,0.0,0.0,0.0,0.0,0.0,1075000.0,0.0,OL,26,0.0,LAR,1,7.426071794871795,613,7,lar_ol_justin_dedich
Tyler Scott,1075000.0,0.0,0.0,0.0,0.0,0.0,0.0,0.0,1075000.0,0.0,WR,25,0.0,LAR,1,12.000116666666665,603,7,lar_wr_tyler_scott
Konata Mumpfield,1005000.0,27134.0,0.0,0.0,0.0,0.0,0.0,0.0,1032134.0,0.0,WR,24,0.0,LAR,1,12.000116666666665,603,7,lar_wr_konata_mumpfield
Top 51 Cutoff,0.0,0.0,0.0,0.0,0.0,0.0,0.0,0.0,0.0,0.0,,25,0.0,LAR,1,7.426071794871795,613,7,lar_nan_top_51_cutoff
Shaun Dolac,1005000.0,8333.0,0.0,0.0,0.0,0.0,0.0,0.0,1013333.0,0.0,LB,25,0.0,LAR,1,7.426071794871795,613,7,lar_lb_shaun_dolac
Harrison Mevis,1005000.0,0.0,0.0,0.0,0.0,0.0,0.0,0.0,1005000.0,0.0,K,24,0.0,LAR,1,7.426071794871795,613,7,lar_k_harrison_mevis
Tanner Ingle,1005000.0,0.0,0.0,0.0,0.0,0.0,0.0,0.0,1005000.0,0.0,DB,27,0.0,LAR,1,1.0764,65,16,lar_db_tanner_ingle
A.J. Arcuri,1005000.0,0.0,0.0,0.0,0.0,0.0,0.0,0.0,1005000.0,0.0,OL,29,0.0,LAR,1,7.426071794871795,613,7,lar_ol_a_j__arcuri
Cam Lampkin,1005000.0,0.0,0.0,0.0,0.0,0.0,0.0,0.0,1005000.0,0.0,DB,25,0.0,LAR,1,1.0764,65,16,lar_db_cam_lampkin
Dylan McMahon,1005000.0,0.0,0.0,0.0,0.0,0.0,0.0,0.0,1005000.0,0.0,OL,25,0.0,LAR,1,7.426071794871795,613,7,lar_ol_dylan_mcmahon
Eli Neal,1005000.0,0.0,0.0,0.0,0.0,0.0,0.0,0.0,1005000.0,0.0,,25,0.0,LAR,1,7.426071794871795,613,7,lar_nan_eli_neal
C.J. Daniels,885000.0,68811.0,0.0,0.0,0.0,0.0,0.0,0.0,953811.0,0.0,,25,0.0,LAR,1,7.426071794871795,613,7,lar_nan_c_j__daniels
Tim Keenan III,885000.0,38831.0,0.0,0.0,0.0,0.0,0.0,0.0,923831.0,0.0,,25,0.0,LAR,1,7.426071794871795,613,7,lar_nan_tim_keenan_iii
Dan Villari,885000.0,15000.0,0.0,0.0,0.0,0.0,0.0,0.0,900000.0,0.0,,25,0.0,LAR,1,7.426071794871795,613,7,lar_nan_dan_villari
Wesley Bailey,885000.0,11666.0,0.0,0.0,0.0,0.0,0.0,0.0,896666.0,0.0,,25,0.0,LAR,1,7.426071794871795,613,7,lar_nan_wesley_bailey
Nick Andersen,885000.0,6666.0,0.0,0.0,0.0,0.0,0.0,0.0,891666.0,0.0,,25,0.0,LAR,1,7.426071794871795,613,7,lar_nan_nick_andersen
Dean Connors,885000.0,6666.0,0.0,0.0,0.0,0.0,0.0,0.0,891666.0,0.0,,25,0.0,LAR,1,7.426071794871795,613,7,lar_nan_dean_connors
Austin Blaske,885000.0,5000.0,0.0,0.0,0.0,0.0,0.0,0.0,890000.0,0.0,,25,0.0,LAR,1,7.426071794871795,613,7,lar_nan_austin_blaske
Dreyden Norwood,885000.0,5000.0,0.0,0.0,0.0,0.0,0.0,0.0,890000.0,0.0,,25,0.0,LAR,1,7.426071794871795,613,7,lar_nan_dreyden_norwood
Nyzier Fourqurean,885000.0,3333.0,0.0,0.0,0.0,0.0,0.0,0.0,888333.0,0.0,,25,0.0,LAR,1,7.426071794871795,613,7,lar_nan_nyzier_fourqurean
Rohan Jones,885000.0,3333.0,0.0,0.0,0.0,0.0,0.0,0.0,888333.0,0.0,,25,0.0,LAR,1,7.426071794871795,613,7,lar_nan_rohan_jones
Darryl Peterson,885000.0,3333.0,0.0,0.0,0.0,0.0,0.0,0.0,888333.0,0.0,,25,0.0,LAR,1,7.426071794871795,613,7,lar_nan_darryl_peterson
Payton Zdroik,885000.0,3000.0,0.0,0.0,0.0,0.0,0.0,0.0,888000.0,0.0,,25,0.0,LAR,1,7.426071794871795,613,7,lar_nan_payton_zdroik
Matthew Caldwell,885000.0,2000.0,0.0,0.0,0.0,0.0,0.0,0.0,887000.0,0.0,,25,0.0,LAR,1,7.426071794871795,613,7,lar_nan_matthew_caldwell
Jaxson Moi,885000.0,1833.0,0.0,0.0,0.0,0.0,0.0,0.0,886833.0,0.0,,25,0.0,LAR,1,7.426071794871795,613,7,lar_nan_jaxson_moi
Nikhai Hill-Green,885000.0,1666.0,0.0,0.0,0.0,0.0,0.0,0.0,886666.0,0.0,,25,0.0,LAR,1,7.426071794871795,613,7,lar_nan_nikhai_hill_green
Al'Zillion Hamilton,885000.0,1666.0,0.0,0.0,0.0,0.0,0.0,0.0,886666.0,0.0,,25,0.0,LAR,1,7.426071794871795,613,7,lar_nan_al_zillion_hamilton
Bryce Henderson,885000.0,0.0,0.0,0.0,0.0,0.0,0.0,0.0,885000.0,0.0,,25,0.0,LAR,1,7.426071794871795,613,7,lar_nan_bryce_henderson
Wyatt Bowles,885000.0,0.0,0.0,0.0,0.0,0.0,0.0,0.0,885000.0,0.0,OL,26,0.0,LAR,1,7.426071794871795,613,7,lar_ol_wyatt_bowles
Jordan Waters,885000.0,0.0,0.0,0.0,0.0,0.0,0.0,0.0,885000.0,0.0,RB,25,0.0,LAR,1,-1.1995833333333332,682,6,lar_rb_jordan_waters
Alex Johnson,885000.0,0.0,0.0,0.0,0.0,0.0,0.0,0.0,885000.0,0.0,DB,26,0.0,LAR,1,1.0764,65,16,lar_db_alex_johnson
Mark Redman,885000.0,0.0,0.0,0.0,0.0,0.0,0.0,0.0,885000.0,0.0,TE,24,0.0,LAR,1,8.166866666666667,667,6,lar_te_mark_redman
Brennan Presley,885000.0,0.0,0.0,0.0,0.0,0.0,0.0,0.0,885000.0,0.0,WR,24,0.0,LAR,1,12.000116666666665,603,7,lar_wr_brennan_presley
Bill Norton,885000.0,0.0,0.0,0.0,0.0,0.0,0.0,0.0,885000.0,0.0,DL,26,0.0,LAR,1,7.426071794871795,613,7,lar_dl_bill_norton
Mario Williams,885000.0,0.0,0.0,0.0,0.0,0.0,0.0,0.0,885000.0,0.0,WR,25,0.0,LAR,1,12.000116666666665,603,7,lar_wr_mario_williams
Tru Edwards,885000.0,0.0,0.0,0.0,0.0,0.0,0.0,0.0,885000.0,0.0,WR,25,0.0,LAR,1,12.000116666666665,603,7,lar_wr_tru_edwards
Ty Simpson,885000.0,0.0,0.0,0.0,0.0,0.0,0.0,0.0,885000.0,0.0,,25,0.0,LAR,1,7.426071794871795,613,7,lar_nan_ty_simpson
Nate Valcarcel,885000.0,0.0,0.0,0.0,0.0,0.0,0.0,0.0,885000.0,0.0,DB,24,0.0,LAR,1,1.0764,65,16,lar_db_nate_valcarcel
Budda Baker,14415000.0,3061250.0,0.0,1000000.0,255000.0,500000.0,0.0,7755000.0,19216250.0,0.0,DB,30,0.0,ARI,1,1.0764,65,16,ari_db_budda_baker
Josh Sweat,9780000.0,3700000.0,1805000.0,0.0,1000000.0,100000.0,0.0,9780000.0,16385000.0,0.0,LB,29,0.0,ARI,1,7.426071794871795,613,7,ari_lb_josh_sweat
Marvin Harrison Jr.,1075000.0,5636771.0,0.0,2935886.0,0.0,0.0,0.0,4010886.0,9647657.0,0.0,WR,24,0.0,ARI,1,27.3089,1105,0,ari_wr_marvin_harrison_jr_
Jeremiyah Love,885000.0,8755512.0,0.0,0.0,0.0,0.0,0.0,885000.0,9640512.0,0.0,,25,0.0,ARI,1,7.426071794871795,613,7,ari_nan_jeremiyah_love
Baron Browning,4390000.0,2750000.0,0.0,2000000.0,255000.0,50000.0,0.0,2000000.0,9415000.0,0.0,LB,27,0.0,ARI,1,7.426071794871795,613,7,ari_lb_baron_browning
Jacoby Brissett,4880000.0,1750000.0,0.0,0.0,510000.0,50000.0,2000000.0,1500000.0,9190000.0,0.0,QB,34,0.0,ARI,1,26.9581,758,5,ari_qb_jacoby_brissett
Paris Johnson Jr.,1145000.0,4350447.0,0.0,3430336.0,0.0,0.0,0.0,4575336.0,8925783.0,0.0,OL,25,0.0,ARI,1,7.426071794871795,613,7,ari_ol_paris_johnson_jr_
Trey McBride,3086000.0,3300000.0,1875000.0,0.0,340000.0,100000.0,0.0,3086000.0,8701000.0,0.0,TE,27,0.0,ARI,1,16.8623,1072,0,ari_te_trey_mcbride
Hjalte Froholdt,4770000.0,1333334.0,0.0,500000.0,255000.0,100000.0,0.0,0.0,6958334.0,0.0,OL,30,0.0,ARI,1,7.426071794871795,613,7,ari_ol_hjalte_froholdt
Isaac Seumalo,3500000.0,2833333.0,0.0,0.0,510000.0,100000.0,0.0,3500000.0,6853333.0,0.0,,25,0.0,ARI,1,7.426071794871795,613,7,ari_nan_isaac_seumalo
Zaven Collins,4098217.0,1700000.0,0.0,0.0,255000.0,0.0,0.0,0.0,6053217.0,0.0,LB,27,0.0,ARI,1,7.426071794871795,613,7,ari_lb_zaven_collins
Gardner Minshew,2890000.0,2250000.0,0.0,0.0,510000.0,100000.0,0.0,2890000.0,5690000.0,0.0,,25,0.0,ARI,1,7.426071794871795,613,7,ari_nan_gardner_minshew
James Conner,2355000.0,2250000.0,0.0,0.0,510000.0,135000.0,0.0,2100000.0,4830000.0,0.0,RB,31,0.0,ARI,1,5.3202,942,2,ari_rb_james_conner
Kendrick Bourne,2000000.0,2250000.0,0.0,0.0,510000.0,50000.0,0.0,2000000.0,4780000.0,0.0,,25,0.0,ARI,1,7.426071794871795,613,7,ari_nan_kendrick_bourne
Mack Wilson,3390000.0,1166668.0,0.0,0.0,255000.0,50000.0,0.0,0.0,4726668.0,0.0,LB,28,0.0,ARI,1,7.426071794871795,613,7,ari_lb_mack_wilson
Sean Murphy-Bunting,2390000.0,2000000.0,0.0,0.0,510000.0,100000.0,0.0,1750000.0,4490000.0,0.0,DB,29,0.0,ARI,1,1.0764,65,16,ari_db_sean_murphy_bunting
Walter Nolen,1005000.0,2681373.0,0.0,715343.0,0.0,0.0,0.0,1720343.0,4401716.0,0.0,DL,23,0.0,ARI,1,7.426071794871795,613,7,ari_dl_walter_nolen
Roy Lopez,2000000.0,2000000.0,0.0,0.0,340000.0,50000.0,0.0,2000000.0,4390000.0,0.0,DL,29,0.0,ARI,1,7.426071794871795,613,7,ari_dl_roy_lopez
Tyler Allgeier,1500000.0,2750000.0,0.0,0.0,0.0,100000.0,0.0,1500000.0,4350000.0,0.0,,25,0.0,ARI,1,7.426071794871795,613,7,ari_nan_tyler_allgeier
Michael Wilson,3924000.0,220811.0,0.0,0.0,0.0,0.0,0.0,0.0,4144811.0,0.0,WR,26,0.0,ARI,1,6.4039,942,2,ari_wr_michael_wilson
Garrett Williams,3674000.0,274533.0,0.0,0.0,0.0,0.0,0.0,0.0,3948533.0,0.0,DB,25,0.0,ARI,1,1.0764,65,16,ari_db_garrett_williams
Darius Robinson,2055848.0,1726696.0,0.0,0.0,0.0,0.0,0.0,2055848.0,3782544.0,0.0,DL,25,0.0,ARI,1,7.426071794871795,613,7,ari_dl_darius_robinson
Jack Gibbens,2000000.0,1000000.0,0.0,0.0,425000.0,50000.0,250000.0,2000000.0,3725000.0,0.0,,25,0.0,ARI,1,7.426071794871795,613,7,ari_nan_jack_gibbens
Dante Stills,3674000.0,33333.0,0.0,0.0,0.0,0.0,0.0,0.0,3707333.0,0.0,DL,27,0.0,ARI,1,7.426071794871795,613,7,ari_dl_dante_stills
Elijah Higgins,3674000.0,0.0,0.0,0.0,0.0,0.0,0.0,0.0,3674000.0,0.0,TE,26,0.0,ARI,1,4.9066,747,5,ari_te_elijah_higgins
Andrew Wingard,1845000.0,850000.0,0.0,0.0,255000.0,50000.0,0.0,1000000.0,2985000.0,0.0,,25,0.0,ARI,1,7.426071794871795,613,7,ari_nan_andrew_wingard
Elijah Wilkinson,1580000.0,750000.0,0.0,0.0,425000.0,100000.0,0.0,1580000.0,2855000.0,0.0,OL,31,0.0,ARI,1,7.426071794871795,613,7,ari_ol_elijah_wilkinson
B.J. Ojulari,1922403.0,813202.0,0.0,0.0,0.0,0.0,0.0,0.0,2735605.0,0.0,LB,24,0.0,ARI,1,7.426071794871795,613,7,ari_lb_b_j__ojulari
Andrew Billings,1550000.0,350000.0,0.0,0.0,425000.0,75000.0,100000.0,350000.0,2500000.0,0.0,,25,0.0,ARI,1,7.426071794871795,613,7,ari_nan_andrew_billings
Max Melton,1603028.0,821056.0,0.0,0.0,0.0,0.0,0.0,1603028.0,2424084.0,0.0,DB,24,0.0,ARI,1,1.0764,65,16,ari_db_max_melton
Chase Bisontis,885000.0,1525678.0,0.0,0.0,0.0,0.0,0.0,885000.0,2410678.0,0.0,,25,0.0,ARI,1,7.426071794871795,613,7,ari_nan_chase_bisontis
Devin Duvernay,1215000.0,300000.0,0.0,0.0,255000.0,80000.0,500000.0,250000.0,2350000.0,0.0,,25,0.0,ARI,1,7.426071794871795,613,7,ari_nan_devin_duvernay
Will Johnson,1267762.0,871049.0,0.0,0.0,0.0,0.0,0.0,1267762.0,2138811.0,0.0,DB,23,0.0,ARI,1,1.0764,65,16,ari_db_will_johnson
Chad Ryland,1425000.0,325000.0,0.0,0.0,0.0,0.0,0.0,150000.0,1850000.0,0.0,K,27,0.0,ARI,1,7.426071794871795,613,7,ari_k_chad_ryland
Joey Blount,1515000.0,200000.0,0.0,0.0,255000.0,50000.0,0.0,0.0,1780000.0,0.0,DB,28,0.0,ARI,1,1.0764,65,16,ari_db_joey_blount
L.J. Collier,1265000.0,350000.0,0.0,0.0,340000.0,45000.0,0.0,400000.0,1740000.0,0.0,DL,31,0.0,ARI,1,7.426071794871795,613,7,ari_dl_l_j__collier
Blake Gillikin,1250000.0,300000.0,0.0,0.0,255000.0,100000.0,0.0,150000.0,1725000.0,0.0,P,28,0.0,ARI,1,3.4815,65,16,ari_p_blake_gillikin
Trey Benson,1345874.0,306746.0,0.0,0.0,0.0,0.0,0.0,0.0,1652620.0,0.0,RB,24,0.0,ARI,1,-1.8672,780,5,ari_rb_trey_benson
Isaiah Adams,1338162.0,291323.0,0.0,0.0,0.0,0.0,0.0,0.0,1629485.0,0.0,OL,26,0.0,ARI,1,7.426071794871795,613,7,ari_ol_isaiah_adams
Tip Reiman,1321356.0,257711.0,0.0,0.0,0.0,0.0,0.0,0.0,1579067.0,0.0,TE,25,0.0,ARI,1,0.4129,325,12,ari_te_tip_reiman
Elijah Jones,1311866.0,238730.0,0.0,0.0,0.0,0.0,0.0,0.0,1550596.0,0.0,DB,26,0.0,ARI,1,1.0764,65,16,ari_db_elijah_jones
Starling Thomas V,1075000.0,325000.0,0.0,0.0,0.0,75000.0,0.0,0.0,1475000.0,0.0,DB,26,0.0,ARI,1,1.0764,65,16,ari_db_starling_thomas_v
Jordan Burch,1134976.0,339905.0,0.0,0.0,0.0,0.0,0.0,0.0,1474881.0,0.0,LB,25,0.0,ARI,1,7.426071794871795,613,7,ari_lb_jordan_burch
Jon Gaines,1145000.0,183060.0,0.0,0.0,0.0,0.0,0.0,0.0,1328060.0,0.0,OL,27,0.0,ARI,1,7.426071794871795,613,7,ari_ol_jon_gaines
Dadrion Taylor-Demerson,1075000.0,211711.0,0.0,0.0,0.0,0.0,0.0,0.0,1286711.0,0.0,DB,25,0.0,ARI,1,1.0764,65,16,ari_db_dadrion_taylor_demerson
Simi Fehoko,1215000.0,187500.0,0.0,0.0,0.0,0.0,0.0,1075000.0,1262500.0,0.0,WR,29,0.0,ARI,1,12.000116666666665,603,7,ari_wr_simi_fehoko
Matt Pryor,1300000.0,187500.0,0.0,0.0,0.0,0.0,0.0,0.0,1262500.0,0.0,,25,0.0,ARI,1,7.426071794871795,613,7,ari_nan_matt_pryor
Casey Kreiter,1300000.0,187500.0,0.0,0.0,0.0,0.0,0.0,1075000.0,1262500.0,0.0,,25,0.0,ARI,1,7.426071794871795,613,7,ari_nan_casey_kreiter
Olisaemeka Udoh,1215000.0,50000.0,0.0,87500.0,0.0,0.0,0.0,300000.0,1262500.0,0.0,,25,0.0,ARI,1,7.426071794871795,613,7,ari_nan_olisaemeka_udoh
Jonah Williams,1215000.0,187500.0,0.0,0.0,0.0,0.0,0.0,0.0,1262500.0,0.0,OL,29,0.0,ARI,1,7.426071794871795,613,7,ari_ol_jonah_williams
Cody Simon,1005000.0,251190.0,0.0,0.0,0.0,0.0,0.0,0.0,1256190.0,0.0,LB,24,0.0,ARI,1,7.426071794871795,613,7,ari_lb_cody_simon
Top 51 Cutoff,0.0,0.0,0.0,0.0,0.0,0.0,0.0,0.0,0.0,0.0,,25,0.0,ARI,1,7.426071794871795,613,7,ari_nan_top_51_cutoff
Isaiah Oliver,1300000.0,57500.0,0.0,0.0,100000.0,0.0,0.0,200000.0,1244853.0,0.0,,25,0.0,ARI,1,7.426071794871795,613,7,ari_nan_isaiah_oliver
Zachary Carter,1215000.0,0.0,0.0,0.0,0.0,0.0,0.0,0.0,1215000.0,0.0,DL,27,0.0,ARI,1,7.426071794871795,613,7,ari_dl_zachary_carter
Owen Pappoe,1145000.0,61245.0,0.0,0.0,0.0,0.0,0.0,0.0,1206245.0,0.0,LB,26,0.0,ARI,1,7.426071794871795,613,7,ari_lb_owen_pappoe
Kei'Trel Clark,1145000.0,52150.0,0.0,0.0,0.0,0.0,0.0,0.0,1197150.0,0.0,DB,25,0.0,ARI,1,1.0764,65,16,ari_db_kei_trel_clark
Zonovan Knight,1145000.0,25000.0,0.0,0.0,0.0,25000.0,0.0,0.0,1195000.0,0.0,,25,0.0,ARI,1,7.426071794871795,613,7,ari_nan_zonovan_knight
Christian Jones,1075000.0,77614.0,0.0,0.0,0.0,0.0,0.0,0.0,1152614.0,0.0,OL,26,0.0,ARI,1,7.426071794871795,613,7,ari_ol_christian_jones
Jalen Brooks,1145000.0,0.0,0.0,0.0,0.0,0.0,0.0,0.0,1145000.0,0.0,WR,26,0.0,ARI,1,12.000116666666665,603,7,ari_wr_jalen_brooks
Eku Leota,1145000.0,0.0,0.0,0.0,0.0,0.0,0.0,0.0,1145000.0,0.0,LB,27,0.0,ARI,1,7.426071794871795,613,7,ari_lb_eku_leota
Teagan Quitoriano,1215000.0,0.0,0.0,0.0,0.0,25000.0,0.0,0.0,1100000.0,0.0,,25,0.0,ARI,1,7.426071794871795,613,7,ari_nan_teagan_quitoriano
Denzel Burke,1005000.0,80054.0,0.0,0.0,0.0,0.0,0.0,0.0,1085054.0,0.0,DB,24,0.0,ARI,1,1.0764,65,16,ari_db_denzel_burke
Xavier Weaver,1075000.0,10000.0,0.0,0.0,0.0,0.0,0.0,0.0,1085000.0,0.0,WR,26,0.0,ARI,1,-1.6448,130,15,ari_wr_xavier_weaver
Ihmir Smith-Marsette,1215000.0,0.0,0.0,0.0,0.0,0.0,0.0,0.0,1075000.0,0.0,,25,0.0,ARI,1,7.426071794871795,613,7,ari_nan_ihmir_smith_marsette
Kenny Yeboah,1215000.0,0.0,0.0,0.0,0.0,0.0,0.0,0.0,1075000.0,0.0,,25,0.0,ARI,1,7.426071794871795,613,7,ari_nan_kenny_yeboah
P.J. Mustipher,1075000.0,0.0,0.0,0.0,0.0,0.0,0.0,0.0,1075000.0,0.0,DL,28,0.0,ARI,1,7.426071794871795,613,7,ari_dl_p_j__mustipher
Demontrey Jacobs,1075000.0,0.0,0.0,0.0,0.0,0.0,0.0,0.0,1075000.0,0.0,OL,28,0.0,ARI,1,7.426071794871795,613,7,ari_ol_demontrey_jacobs
Hayden Conner,1005000.0,43570.0,0.0,0.0,0.0,0.0,0.0,0.0,1048570.0,0.0,OL,24,0.0,ARI,1,7.426071794871795,613,7,ari_ol_hayden_conner
Kitan Crawford,1005000.0,34473.0,0.0,0.0,0.0,0.0,0.0,0.0,1039473.0,0.0,DB,25,0.0,ARI,1,1.0764,65,16,ari_db_kitan_crawford
Reggie Virgil,885000.0,139125.0,0.0,0.0,0.0,0.0,0.0,0.0,1024125.0,0.0,,25,0.0,ARI,1,7.426071794871795,613,7,ari_nan_reggie_virgil
Josh Fryar,1005000.0,11666.0,0.0,0.0,0.0,0.0,0.0,0.0,1016666.0,0.0,OL,24,0.0,ARI,1,7.426071794871795,613,7,ari_ol_josh_fryar
Jaden Davis,1005000.0,0.0,0.0,0.0,0.0,0.0,0.0,0.0,1005000.0,0.0,DB,25,0.0,ARI,1,1.0764,65,16,ari_db_jaden_davis
Austin Keys,1005000.0,0.0,0.0,0.0,0.0,0.0,0.0,0.0,1005000.0,0.0,LB,24,0.0,ARI,1,7.426071794871795,613,7,ari_lb_austin_keys
Corey Kiner,1005000.0,0.0,0.0,0.0,0.0,0.0,0.0,0.0,1005000.0,0.0,RB,24,0.0,ARI,1,-1.1995833333333332,682,6,ari_rb_corey_kiner
Kalen King,1005000.0,0.0,0.0,0.0,0.0,0.0,0.0,0.0,1005000.0,0.0,DB,23,0.0,ARI,1,1.0764,65,16,ari_db_kalen_king
Kedon Slovis,1005000.0,0.0,0.0,0.0,0.0,0.0,0.0,0.0,1005000.0,0.0,QB,25,0.0,ARI,1,26.9581,758,5,ari_qb_kedon_slovis
Karson Sharar,885000.0,82108.0,0.0,0.0,0.0,0.0,0.0,0.0,967108.0,0.0,,25,0.0,ARI,1,7.426071794871795,613,7,ari_nan_karson_sharar
Jayden Williams,885000.0,45363.0,0.0,0.0,0.0,0.0,0.0,0.0,930363.0,0.0,,25,0.0,ARI,1,7.426071794871795,613,7,ari_nan_jayden_williams
Harrison Wallace III,885000.0,13333.0,0.0,0.0,0.0,0.0,0.0,247500.0,898333.0,0.0,,25,0.0,ARI,1,7.426071794871795,613,7,ari_nan_harrison_wallace_iii
Damonic Williams,885000.0,13333.0,0.0,0.0,0.0,0.0,0.0,175000.0,898333.0,0.0,,25,0.0,ARI,1,7.426071794871795,613,7,ari_nan_damonic_williams
Valentin Senn,885000.0,13333.0,0.0,0.0,0.0,0.0,0.0,0.0,898333.0,0.0,OL,26,0.0,ARI,1,7.426071794871795,613,7,ari_ol_valentin_senn
Elijah Culp,885000.0,8333.0,0.0,0.0,0.0,0.0,0.0,247500.0,893333.0,0.0,,25,0.0,ARI,1,7.426071794871795,613,7,ari_nan_elijah_culp
Cameron Robertson,885000.0,6666.0,0.0,0.0,0.0,0.0,0.0,245000.0,891666.0,0.0,,25,0.0,ARI,1,7.426071794871795,613,7,ari_nan_cameron_robertson
Jameson Geers,885000.0,5000.0,0.0,0.0,0.0,0.0,0.0,110000.0,890000.0,0.0,,25,0.0,ARI,1,7.426071794871795,613,7,ari_nan_jameson_geers
Wydett Williams Jr.,885000.0,3333.0,0.0,0.0,0.0,0.0,0.0,100000.0,888333.0,0.0,,25,0.0,ARI,1,7.426071794871795,613,7,ari_nan_wydett_williams_jr_
Ka'ena Decambra,885000.0,1666.0,0.0,0.0,0.0,0.0,0.0,50000.0,886666.0,0.0,,25,0.0,ARI,1,7.426071794871795,613,7,ari_nan_ka_ena_decambra
Rivaldo Fairweather,885000.0,0.0,0.0,0.0,0.0,0.0,0.0,0.0,885000.0,0.0,TE,24,0.0,ARI,1,8.166866666666667,667,6,ari_te_rivaldo_fairweather
Elliott Brown,885000.0,0.0,0.0,0.0,0.0,0.0,0.0,0.0,885000.0,0.0,LB,28,0.0,ARI,1,7.426071794871795,613,7,ari_lb_elliott_brown
Bryson Green,885000.0,0.0,0.0,0.0,0.0,0.0,0.0,0.0,885000.0,0.0,WR,24,0.0,ARI,1,12.000116666666665,603,7,ari_wr_bryson_green
Kaleb Proctor,885000.0,0.0,0.0,0.0,0.0,0.0,0.0,0.0,885000.0,0.0,,25,0.0,ARI,1,7.426071794871795,613,7,ari_nan_kaleb_proctor
Tejhaun Palmer,885000.0,0.0,0.0,0.0,0.0,0.0,0.0,0.0,885000.0,0.0,WR,26,0.0,ARI,1,12.000116666666665,603,7,ari_wr_tejhaun_palmer
Carson Beck,885000.0,0.0,0.0,0.0,0.0,0.0,0.0,0.0,885000.0,0.0,,25,0.0,ARI,1,7.426071794871795,613,7,ari_nan_carson_beck
