player_name,base_salary,signing_bonus,option_bonus,roster_bonus,per_game_bonus,workout_bonus,other_bonus,guaranteed_money,cap_hit,dead_cap,position,age,total_value,team,years_remaining,epa_total,snaps_played,games_missed
Chris Jones,19000000.0,9750000.0,0.0,16000000.0,0.0,100000.0,0.0,35000000.0,44850000.0,0.0,DL,32,0.0,KC,1,,,
Patrick Mahomes,1300000.0,32353888.0,0.0,0.0,0.0,1000000.0,0.0,0.0,34653888.0,0.0,QB,31,0.0,KC,1,41.94,1040.0,1.0
Trey Smith,19750000.0,4495277.0,0.0,0.0,0.0,250000.0,0.0,19750000.0,24495277.0,0.0,OL,27,0.0,KC,1,,,
Nick Bolton,14750000.0,4250000.0,0.0,0.0,0.0,250000.0,0.0,15000000.0,19250000.0,0.0,LB,26,0.0,KC,1,,,
Jaylon Moore,14240000.0,3745000.0,0.0,0.0,510000.0,250000.0,0.0,7000000.0,18685000.0,0.0,OL,28,0.0,KC,1,,,
Creed Humphrey,14250000.0,3600000.0,0.0,0.0,0.0,250000.0,0.0,14250000.0,18100000.0,0.0,OL,27,0.0,KC,1,,,
Kristian Fulton,9750000.0,3000000.0,0.0,0.0,0.0,250000.0,0.0,5000000.0,13000000.0,0.0,DB,28,0.0,KC,1,,,
Mansoor Delane,885000.0,6738884.0,0.0,0.0,0.0,0.0,0.0,885000.0,7623884.0,0.0,,0,0.0,KC,1,,,
George Karlaftis,1215000.0,5937000.0,0.0,0.0,0.0,250000.0,0.0,1215000.0,7402000.0,0.0,DL,25,0.0,KC,1,,,
Harrison Butker,5805000.0,1400000.0,0.0,0.0,0.0,100000.0,0.0,5805000.0,7305000.0,0.0,K,31,0.0,KC,1,,,
Noah Gray,4740000.0,1500000.0,0.0,0.0,510000.0,250000.0,0.0,0.0,6970000.0,0.0,TE,27,0.0,KC,1,6.9932,1040.0,1.0
Kenneth Walker III,1215000.0,4333333.0,0.0,0.0,0.0,135000.0,0.0,1350000.0,5683333.0,0.0,RB,26,0.0,KC,1,,,
Drue Tranquill,2245000.0,2250000.0,0.0,0.0,255000.0,250000.0,0.0,2245000.0,5000000.0,0.0,LB,31,0.0,KC,1,,,
Travis Kelce,3000000.0,3551666.0,0.0,3000000.0,6000000.0,0.0,0.0,0.0,4896667.0,0.0,TE,37,0.0,KC,1,16.0475,1007.0,1.0
Chamarri Conner,3674000.0,187841.0,0.0,0.0,0.0,0.0,0.0,0.0,3861841.0,0.0,DB,26,0.0,KC,1,,,
Xavier Worthy,2048660.0,1712321.0,0.0,0.0,0.0,0.0,0.0,2048660.0,3760981.0,0.0,WR,23,0.0,KC,1,23.2625,1040.0,1.0
Felix Anudike-Uzomah,2361522.0,1398694.0,0.0,0.0,0.0,0.0,0.0,2361522.0,3760216.0,0.0,DL,24,0.0,KC,1,,,
Tyquan Thornton,1400000.0,2000000.0,0.0,0.0,0.0,100000.0,0.0,1400000.0,3500000.0,0.0,WR,26,0.0,KC,1,-4.8483,260.0,13.0
Alohi Gilman,1250000.0,2000000.0,0.0,0.0,0.0,250000.0,0.0,1500000.0,3500000.0,0.0,DB,29,0.0,KC,1,,,
Josh Simmons,1507062.0,1828246.0,0.0,0.0,0.0,0.0,0.0,1507062.0,3335308.0,0.0,OL,24,0.0,KC,1,,,
Peter Woods,885000.0,2383293.0,0.0,0.0,0.0,0.0,0.0,885000.0,3268293.0,0.0,,0,0.0,KC,1,,,
Khyiris Tonga,1215000.0,1866666.0,0.0,0.0,0.0,185000.0,0.0,1400000.0,3266666.0,0.0,DL,30,0.0,KC,1,,,
Justin Fields,3000000.0,0.0,0.0,0.0,0.0,0.0,0.0,3000000.0,3000000.0,0.0,QB,27,0.0,KC,1,,,
R Mason Thomas,885000.0,1332601.0,0.0,0.0,0.0,0.0,0.0,885000.0,2217601.0,0.0,,0,0.0,KC,1,,,
Rashee Rice,1635711.0,430949.0,0.0,0.0,0.0,0.0,0.0,0.0,2066660.0,0.0,WR,26,0.0,KC,1,13.1009,617.0,7.0
Kader Kohou,1145000.0,665000.0,0.0,0.0,0.0,0.0,0.0,1145000.0,1810000.0,0.0,DB,28,0.0,KC,1,,,
Kaiir Elam,1215000.0,0.0,0.0,0.0,595000.0,0.0,0.0,500000.0,1775000.0,0.0,DB,25,0.0,KC,1,,,
Kingsley Suamataia,1303774.0,372546.0,0.0,0.0,0.0,75000.0,0.0,0.0,1751320.0,0.0,OL,23,0.0,KC,1,,,
James Winchester,1300000.0,400000.0,0.0,0.0,0.0,0.0,0.0,1300000.0,1700000.0,0.0,LS,37,0.0,KC,1,,,
Omarr Norman-Lott,1167290.0,469159.0,0.0,0.0,0.0,0.0,0.0,1167290.0,1636449.0,0.0,DL,24,0.0,KC,1,,,
Ashton Gillotte,1096574.0,386295.0,0.0,0.0,0.0,50000.0,0.0,0.0,1532869.0,0.0,DL,24,0.0,KC,1,,,
Nohl Williams,1077978.0,311911.0,0.0,0.0,0.0,50000.0,0.0,0.0,1439889.0,0.0,DB,24,0.0,KC,1,,,
Jack Cochrane,1215000.0,150000.0,0.0,50000.0,0.0,0.0,0.0,500000.0,1415000.0,0.0,LB,27,0.0,KC,1,,,
Mike Caliendo,1150000.0,150000.0,0.0,0.0,50000.0,0.0,0.0,500000.0,1350000.0,0.0,OL,29,0.0,KC,1,0.788,65.0,16.0
Jared Wiley,1075000.0,172155.0,0.0,0.0,0.0,0.0,0.0,0.0,1247155.0,0.0,TE,26,0.0,KC,1,-0.1451,65.0,16.0
Emari Demercado,1150000.0,50000.0,0.0,0.0,50000.0,0.0,0.0,500000.0,1238235.0,0.0,RB,27,0.0,KC,1,,,
Jalen Royals,1005000.0,216800.0,0.0,0.0,0.0,0.0,0.0,0.0,1221800.0,0.0,WR,23,0.0,KC,1,,,
L'Jarius Sneed,1215000.0,0.0,0.0,0.0,0.0,0.0,0.0,0.0,1215000.0,0.0,DB,29,0.0,KC,1,,,
Cole Christiansen,1215000.0,0.0,0.0,0.0,0.0,0.0,0.0,247500.0,1215000.0,0.0,LB,29,0.0,KC,1,,,
Jaden Hicks,1075000.0,132177.0,0.0,0.0,0.0,0.0,0.0,0.0,1207177.0,0.0,DB,24,0.0,KC,1,-2.8346,65.0,16.0
Jadon Canady,885000.0,306833.0,0.0,0.0,0.0,0.0,0.0,0.0,1191833.0,0.0,,0,0.0,KC,1,,,
Hunter Nourzad,1075000.0,79879.0,0.0,0.0,0.0,0.0,0.0,0.0,1154879.0,0.0,OL,26,0.0,KC,1,,,
Jeffrey Bassa,1005000.0,103413.0,0.0,0.0,0.0,0.0,0.0,0.0,1108413.0,0.0,LB,24,0.0,KC,1,,,
Christian Roland-Wallace,1075000.0,1668.0,0.0,0.0,0.0,0.0,0.0,0.0,1076668.0,0.0,DB,25,0.0,KC,1,,,
Nikko Remigio,1075000.0,0.0,0.0,0.0,0.0,0.0,0.0,0.0,1075000.0,0.0,WR,27,0.0,KC,1,-0.4015,65.0,16.0
Tanner McCalister,1075000.0,0.0,0.0,0.0,0.0,0.0,0.0,0.0,1075000.0,0.0,DB,26,0.0,KC,1,,,
Matt Waletzko,1075000.0,0.0,0.0,0.0,0.0,0.0,0.0,0.0,1075000.0,0.0,OL,27,0.0,KC,1,,,
Matt Araiza,1075000.0,0.0,0.0,0.0,0.0,0.0,0.0,0.0,1075000.0,0.0,P,26,0.0,KC,1,,,
Jason Brownlee,1075000.0,0.0,0.0,0.0,0.0,0.0,0.0,0.0,1075000.0,0.0,WR,27,0.0,KC,1,,,
C.J. Hanson,1075000.0,0.0,0.0,0.0,0.0,0.0,0.0,0.0,1075000.0,0.0,OL,25,0.0,KC,1,,,
Brashard Smith,1005000.0,33369.0,0.0,0.0,0.0,0.0,0.0,0.0,1038369.0,0.0,RB,23,0.0,KC,1,,,
Ethan Driskell,1005000.0,13334.0,0.0,0.0,0.0,0.0,0.0,0.0,1018334.0,0.0,OL,26,0.0,KC,1,,,
Emmett Johnson,885000.0,121409.0,0.0,0.0,0.0,0.0,0.0,0.0,1006409.0,0.0,,0,0.0,KC,1,,,
Chukwuebuka Godrick,1005000.0,0.0,0.0,0.0,0.0,0.0,0.0,0.0,1005000.0,0.0,OL,26,0.0,KC,1,,,
Kevin Knowles II,1005000.0,0.0,0.0,0.0,0.0,0.0,0.0,0.0,1005000.0,0.0,DB,23,0.0,KC,1,,,
Cooper McDonald,1005000.0,0.0,0.0,0.0,0.0,0.0,0.0,0.0,1005000.0,0.0,LB,25,0.0,KC,1,,,
Tyreke Smith,1005000.0,0.0,0.0,0.0,0.0,0.0,0.0,0.0,1005000.0,0.0,LB,26,0.0,KC,1,,,
Chris Oladokun,1005000.0,0.0,0.0,0.0,0.0,0.0,0.0,0.0,1005000.0,0.0,QB,29,0.0,KC,1,-1.9449,65.0,16.0
Esa Pole,1005000.0,0.0,0.0,0.0,0.0,0.0,0.0,0.0,1005000.0,0.0,OL,25,0.0,KC,1,,,
Cyrus Allen,885000.0,94869.0,0.0,0.0,0.0,0.0,0.0,0.0,979869.0,0.0,,0,0.0,KC,1,,,
Garrett Nussmeier,885000.0,30122.0,0.0,0.0,0.0,0.0,0.0,0.0,915122.0,0.0,,0,0.0,KC,1,,,
Jake Briningstool,885000.0,10000.0,0.0,0.0,0.0,0.0,0.0,0.0,895000.0,0.0,TE,24,0.0,KC,1,,,
Jeff Caldwell,885000.0,8333.0,0.0,0.0,0.0,0.0,0.0,247500.0,893333.0,0.0,,0,0.0,KC,1,,,
Pete Nygra,885000.0,6666.0,0.0,0.0,0.0,0.0,0.0,247500.0,891666.0,0.0,,0,0.0,KC,1,,,
Bryce Phillips,885000.0,6666.0,0.0,0.0,0.0,0.0,0.0,247500.0,891666.0,0.0,,0,0.0,KC,1,,,
DeShon Singleton,885000.0,6666.0,0.0,0.0,0.0,0.0,0.0,247500.0,891666.0,0.0,,0,0.0,KC,1,,,
Vincent Anthony,885000.0,6666.0,0.0,0.0,0.0,0.0,0.0,247500.0,891666.0,0.0,,0,0.0,KC,1,,,
John Michael Gyllenborg,885000.0,6666.0,0.0,0.0,0.0,0.0,0.0,247500.0,891666.0,0.0,,0,0.0,KC,1,,,
Josh Thompson,885000.0,6666.0,0.0,0.0,0.0,0.0,0.0,247500.0,891666.0,0.0,DB,28,0.0,KC,1,,,
Xavier Nwankpa,885000.0,6666.0,0.0,0.0,0.0,0.0,0.0,247500.0,891666.0,0.0,,0,0.0,KC,1,,,
Zelmar Vedder,885000.0,3333.0,0.0,0.0,0.0,0.0,0.0,175000.0,888333.0,0.0,,0,0.0,KC,1,,,
Wesley Bissainthe,885000.0,3333.0,0.0,0.0,0.0,0.0,0.0,159000.0,888333.0,0.0,,0,0.0,KC,1,,,
Cole Brevard,885000.0,3333.0,0.0,0.0,0.0,0.0,0.0,50000.0,888333.0,0.0,,0,0.0,KC,1,,,
Damon Payne Jr.,885000.0,1666.0,0.0,0.0,0.0,0.0,0.0,75000.0,886666.0,0.0,,0,0.0,KC,1,,,
Omari Evans,885000.0,1666.0,0.0,0.0,0.0,0.0,0.0,80000.0,886666.0,0.0,,0,0.0,KC,1,,,
Ethan Downs,885000.0,0.0,0.0,0.0,0.0,0.0,0.0,0.0,885000.0,0.0,LB,24,0.0,KC,1,,,
Marcus Harris,885000.0,0.0,0.0,0.0,0.0,0.0,0.0,0.0,885000.0,0.0,DL,26,0.0,KC,1,,,
Tre Watson,885000.0,0.0,0.0,0.0,0.0,0.0,0.0,0.0,885000.0,0.0,TE,24,0.0,KC,1,,,
Andrew Armstrong,885000.0,0.0,0.0,0.0,0.0,0.0,0.0,0.0,885000.0,0.0,WR,26,0.0,KC,1,,,
Jimmy Holiday,885000.0,0.0,0.0,0.0,0.0,0.0,0.0,0.0,885000.0,0.0,WR,25,0.0,KC,1,,,
Melvin Smith,885000.0,0.0,0.0,0.0,0.0,0.0,0.0,0.0,885000.0,0.0,DB,24,0.0,KC,1,,,
Jacob De Jesus,885000.0,0.0,0.0,0.0,0.0,0.0,0.0,0.0,885000.0,0.0,,0,0.0,KC,1,,,
Kahlil Benson,885000.0,0.0,0.0,0.0,0.0,0.0,0.0,0.0,885000.0,0.0,,0,0.0,KC,1,,,
Xavier Loyd,885000.0,0.0,0.0,0.0,0.0,0.0,0.0,0.0,885000.0,0.0,,0,0.0,KC,1,,,
E.J. Smith,885000.0,0.0,0.0,0.0,0.0,0.0,0.0,100000.0,885000.0,0.0,,0,0.0,KC,1,,,
D'Arco Perkins-McAllister,885000.0,0.0,0.0,0.0,0.0,0.0,0.0,175000.0,885000.0,0.0,,0,0.0,KC,1,,,
Amari McNeill,885000.0,0.0,0.0,0.0,0.0,0.0,0.0,0.0,885000.0,0.0,,0,0.0,KC,1,,,
Anthony Dunn,885000.0,0.0,0.0,0.0,0.0,0.0,0.0,15000.0,885000.0,0.0,,0,0.0,KC,1,,,
Jaydn Ott,885000.0,0.0,0.0,0.0,0.0,0.0,0.0,75000.0,885000.0,0.0,,0,0.0,KC,1,,,
Kam Arnold,885000.0,0.0,0.0,0.0,0.0,0.0,0.0,0.0,885000.0,0.0,LB,24,0.0,KC,1,,,
Baker Mayfield,10000000.0,11975000.0,0.0,17000000.0,0.0,0.0,1000000.0,0.0,39975000.0,0.0,QB,31,0.0,TB,1,44.1436,1105.0,0.0
Tristan Wirfs,26000000.0,10328582.0,0.0,0.0,0.0,0.0,0.0,26000000.0,36328582.0,0.0,OL,27,0.0,TB,1,,,
Chris Godwin,22000000.0,11683000.0,0.0,0.0,0.0,0.0,0.0,22000000.0,33683000.0,0.0,WR,30,0.0,TB,1,20.4353,780.0,5.0
"Antoine Winfield, Jr.",19500000.0,7966000.0,0.0,0.0,0.0,0.0,0.0,0.0,27466000.0,0.0,DB,28,0.0,TB,1,,,
Vita Vea,17000000.0,4194462.0,0.0,0.0,1000000.0,0.0,0.0,0.0,22194462.0,0.0,DL,31,0.0,TB,1,,,
A'Shawn Robinson,3150000.0,0.0,0.0,6000000.0,850000.0,0.0,0.0,9150000.0,10000000.0,0.0,DL,31,0.0,TB,1,,,
Alex Anzalone,1300000.0,0.0,0.0,7700000.0,0.0,0.0,0.0,9000000.0,9000000.0,0.0,LB,32,0.0,TB,1,,,
Ben Bredeson,7500000.0,1266000.0,0.0,0.0,0.0,0.0,0.0,5000000.0,8766000.0,0.0,OL,28,0.0,TB,1,,,
Luke Goedeke,1215000.0,5929950.0,0.0,20275000.0,510000.0,0.0,0.0,1215000.0,7474950.0,0.0,OL,28,0.0,TB,1,,,
Kenneth Gainwell,1830000.0,0.0,0.0,5000000.0,170000.0,0.0,0.0,6830000.0,7000000.0,0.0,RB,27,0.0,TB,1,,,
Anthony Nelson,4000000.0,866000.0,0.0,500000.0,0.0,0.0,0.0,0.0,5366000.0,0.0,LB,29,0.0,TB,1,,,
Zyon McCollum,1215000.0,3650300.0,0.0,0.0,510000.0,0.0,0.0,1215000.0,5255300.0,0.0,DB,27,0.0,TB,1,,,
Al-Quadin Muhammad,1800000.0,0.0,0.0,2000000.0,200000.0,0.0,1250000.0,2500000.0,5250000.0,0.0,DL,31,0.0,TB,1,,,
Calijah Kancey,2726382.0,1885177.0,0.0,0.0,0.0,0.0,0.0,2726382.0,4611559.0,0.0,DL,25,0.0,TB,1,,,
Rueben Bain,885000.0,3435044.0,0.0,0.0,0.0,0.0,0.0,885000.0,4320044.0,0.0,,0,0.0,TB,1,,,
Cody Mauch,3674000.0,610994.0,0.0,0.0,0.0,0.0,0.0,0.0,4284994.0,0.0,OL,27,0.0,TB,1,,,
Cade Otton,1215000.0,2928333.0,0.0,8785000.0,0.0,0.0,0.0,1215000.0,4143333.0,0.0,TE,27,0.0,TB,1,5.6727,975.0,2.0
Emeka Egbuka,1005000.0,2464133.0,0.0,661033.0,0.0,0.0,0.0,1666033.0,4130166.0,0.0,WR,24,0.0,TB,1,,,
YaYa Diaby,3674000.0,243711.0,0.0,0.0,0.0,0.0,0.0,0.0,3917711.0,0.0,LB,27,0.0,TB,1,,,
Graham Barton,1622373.0,1755446.0,0.0,447851.0,0.0,0.0,0.0,2070223.0,3825670.0,0.0,OL,24,0.0,TB,1,,,
Chase McLaughlin,3800000.0,0.0,0.0,0.0,0.0,0.0,0.0,0.0,3800000.0,0.0,K,30,0.0,TB,1,,,
Sean Tucker,3520000.0,0.0,0.0,0.0,0.0,0.0,0.0,0.0,3520000.0,0.0,RB,25,0.0,TB,1,3.9881,455.0,10.0
Riley Dixon,2500000.0,0.0,0.0,500000.0,0.0,0.0,0.0,0.0,3000000.0,0.0,P,33,0.0,TB,1,,,
Josiah Trotter,885000.0,1097471.0,0.0,0.0,0.0,0.0,0.0,885000.0,1982471.0,0.0,,0,0.0,TB,1,,,
Benjamin Morrison,1213453.0,653811.0,0.0,0.0,0.0,0.0,0.0,1213453.0,1867264.0,0.0,DB,22,0.0,TB,1,,,
Chris Braswell,1411836.0,438672.0,0.0,0.0,0.0,0.0,0.0,232247.0,1850508.0,0.0,LB,25,0.0,TB,1,,,
Miles Killebrew,1300000.0,0.0,0.0,490000.0,0.0,0.0,0.0,0.0,1790000.0,0.0,DB,33,0.0,TB,1,,,
Tykee Smith,1312002.0,239003.0,0.0,0.0,0.0,0.0,0.0,0.0,1551005.0,0.0,DB,25,0.0,TB,1,,,
Christian Rozeboom,1550000.0,0.0,0.0,335000.0,0.0,0.0,0.0,950000.0,1550000.0,0.0,LB,29,0.0,TB,1,,,
Jalen McMillan,1309820.0,234641.0,0.0,0.0,0.0,0.0,0.0,0.0,1544461.0,0.0,WR,25,0.0,TB,1,14.5635,845.0,4.0
Jacob Parrish,1128575.0,314299.0,0.0,0.0,0.0,0.0,0.0,0.0,1442874.0,0.0,DB,22,0.0,TB,1,,,
Ko Kieft,1462500.0,0.0,0.0,187500.0,0.0,0.0,0.0,600000.0,1402500.0,0.0,TE,28,0.0,TB,1,-1.3343,195.0,14.0
Justin Skule,1215000.0,0.0,0.0,187500.0,0.0,0.0,0.0,400000.0,1402500.0,0.0,OL,30,0.0,TB,1,,,
Jake Browning,1145000.0,0.0,0.0,187500.0,0.0,0.0,0.0,400000.0,1332500.0,0.0,QB,30,0.0,TB,1,,,
Rakeem Nunez-Roches,1300000.0,0.0,0.0,0.0,0.0,0.0,0.0,300000.0,1300000.0,0.0,DL,33,0.0,TB,1,,,
Dan Feeney,1300000.0,0.0,0.0,187500.0,0.0,0.0,0.0,1000000.0,1262500.0,0.0,OL,32,0.0,TB,1,,,
Bucky Irving,1075000.0,182888.0,0.0,0.0,0.0,0.0,0.0,0.0,1257888.0,0.0,RB,24,0.0,TB,1,36.3974,1105.0,0.0
Ted Hurst,885000.0,372465.0,0.0,0.0,0.0,0.0,0.0,0.0,1257465.0,0.0,,0,0.0,TB,1,,,
SirVocea Dennis,1145000.0,79332.0,0.0,0.0,0.0,0.0,0.0,0.0,1224332.0,0.0,LB,26,0.0,TB,1,,,
Payne Durham,1145000.0,61245.0,0.0,0.0,0.0,0.0,0.0,0.0,1206245.0,0.0,TE,26,0.0,TB,1,3.8571,357.0,11.0
Josh Hayes,1145000.0,51094.0,0.0,0.0,0.0,0.0,0.0,0.0,1196094.0,0.0,DB,27,0.0,TB,1,,,
Keionte Scott,885000.0,292164.0,0.0,0.0,0.0,0.0,0.0,0.0,1177164.0,0.0,,0,0.0,TB,1,,,
Chase Lucas,1145000.0,0.0,0.0,0.0,0.0,0.0,0.0,0.0,1145000.0,0.0,DB,29,0.0,TB,1,,,
David Walker,885000.0,240814.0,0.0,0.0,0.0,0.0,0.0,0.0,1125814.0,0.0,LB,26,0.0,TB,1,,,
Elijah Klein,1075000.0,34597.0,0.0,0.0,0.0,0.0,0.0,0.0,1109597.0,0.0,OL,26,0.0,TB,1,,,
Elijah Roberts,1005000.0,102449.0,0.0,0.0,0.0,0.0,0.0,0.0,1107449.0,0.0,DL,25,0.0,TB,1,,,
Scott Daly,1215000.0,0.0,0.0,25000.0,0.0,0.0,0.0,0.0,1100000.0,0.0,LS,32,0.0,TB,1,,,
Devin Culp,1075000.0,21546.0,0.0,0.0,0.0,0.0,0.0,0.0,1096546.0,0.0,TE,26,0.0,TB,1,7.8495,130.0,15.0
Kameron Johnson,1075000.0,3334.0,0.0,0.0,0.0,0.0,0.0,0.0,1078334.0,0.0,WR,24,0.0,TB,1,-0.6563,195.0,14.0
David Sills,1215000.0,0.0,0.0,0.0,0.0,0.0,0.0,0.0,1075000.0,0.0,WR,31,0.0,TB,1,,,
Mohamed Kamara,1075000.0,0.0,0.0,0.0,0.0,0.0,0.0,0.0,1075000.0,0.0,LB,26,0.0,TB,1,,,
Evan Deckers,1075000.0,0.0,0.0,0.0,0.0,0.0,0.0,0.0,1075000.0,0.0,LS,27,0.0,TB,1,,,
Damarion Williams,1075000.0,0.0,0.0,0.0,0.0,0.0,0.0,0.0,1075000.0,0.0,DB,28,0.0,TB,1,,,
Kemon Hall,1215000.0,0.0,0.0,0.0,0.0,0.0,0.0,0.0,1075000.0,0.0,DB,29,0.0,TB,1,,,
Tez Johnson,1005000.0,30985.0,0.0,0.0,0.0,0.0,0.0,0.0,1035985.0,0.0,WR,24,0.0,TB,1,,,
Ben Chukwuma,1005000.0,18333.0,0.0,0.0,0.0,0.0,0.0,0.0,1023333.0,0.0,,0,0.0,TB,1,,,
DeMonte Capehart,885000.0,125540.0,0.0,0.0,0.0,0.0,0.0,0.0,1010540.0,0.0,,0,0.0,TB,1,,,
Billy Schrauth,885000.0,122551.0,0.0,0.0,0.0,0.0,0.0,0.0,1007551.0,0.0,,0,0.0,TB,1,,,
Luke Haggard,1005000.0,0.0,0.0,0.0,0.0,0.0,0.0,0.0,1005000.0,0.0,OL,26,0.0,TB,1,,,
Elijah Simmons,1005000.0,0.0,0.0,0.0,0.0,0.0,0.0,0.0,1005000.0,0.0,DL,25,0.0,TB,1,,,
Connor Bazelak,1005000.0,0.0,0.0,0.0,0.0,0.0,0.0,0.0,1005000.0,0.0,QB,26,0.0,TB,1,,,
John Bullock,1005000.0,0.0,0.0,0.0,0.0,0.0,0.0,0.0,1005000.0,0.0,LB,25,0.0,TB,1,,,
Rashad Wisdom,1005000.0,0.0,0.0,0.0,0.0,0.0,0.0,0.0,1005000.0,0.0,DB,25,0.0,TB,1,,,
Nick Jackson,1005000.0,0.0,0.0,0.0,0.0,0.0,0.0,0.0,1005000.0,0.0,LB,25,0.0,TB,1,,,
Josh Williams,1005000.0,0.0,0.0,0.0,0.0,0.0,0.0,0.0,1005000.0,0.0,RB,26,0.0,TB,1,,,
Marcus Banks,1005000.0,0.0,0.0,0.0,0.0,0.0,0.0,0.0,1005000.0,0.0,DB,26,0.0,TB,1,,,
Bauer Sharp,885000.0,79145.0,0.0,0.0,0.0,0.0,0.0,0.0,964145.0,0.0,,0,0.0,TB,1,,,
Garrett Greene,885000.0,17500.0,0.0,0.0,0.0,0.0,0.0,0.0,902500.0,0.0,WR,25,0.0,TB,1,,,
Paul Rubelt,885000.0,10000.0,0.0,0.0,0.0,0.0,0.0,247500.0,895000.0,0.0,,0,0.0,TB,1,,,
Ja'Qurious Conley,885000.0,10000.0,0.0,0.0,0.0,0.0,0.0,150000.0,895000.0,0.0,,0,0.0,TB,1,,,
J.J. Roberts,885000.0,10000.0,0.0,0.0,0.0,0.0,0.0,0.0,895000.0,0.0,DB,25,0.0,TB,1,,,
Eric Rivers,885000.0,8333.0,0.0,0.0,0.0,0.0,0.0,225000.0,893333.0,0.0,,0,0.0,TB,1,,,
Jalon Daniels,885000.0,8333.0,0.0,0.0,0.0,0.0,0.0,247500.0,893333.0,0.0,,0,0.0,TB,1,,,
Ayden Garnes,885000.0,6666.0,0.0,0.0,0.0,0.0,0.0,100000.0,891666.0,0.0,,0,0.0,TB,1,,,
Javin Wright,885000.0,5000.0,0.0,0.0,0.0,0.0,0.0,100000.0,890000.0,0.0,,0,0.0,TB,1,,,
Henry Lutovsky,885000.0,5000.0,0.0,0.0,0.0,0.0,0.0,247500.0,890000.0,0.0,,0,0.0,TB,1,,,
Jack Pyburn,885000.0,5000.0,0.0,0.0,0.0,0.0,0.0,100000.0,890000.0,0.0,,0,0.0,TB,1,,,
Josiah Green,885000.0,3333.0,0.0,0.0,0.0,0.0,0.0,30000.0,888333.0,0.0,,0,0.0,TB,1,,,
Deshawn McKnight,885000.0,3333.0,0.0,0.0,0.0,0.0,0.0,247500.0,888333.0,0.0,,0,0.0,TB,1,,,
Kenny Fletcher Jr.,885000.0,1000.0,0.0,0.0,0.0,0.0,0.0,0.0,886000.0,0.0,,0,0.0,TB,1,,,
Caden Fordham,885000.0,666.0,0.0,0.0,0.0,0.0,0.0,0.0,885666.0,0.0,,0,0.0,TB,1,,,
Dean Patterson,885000.0,333.0,0.0,0.0,0.0,0.0,0.0,0.0,885333.0,0.0,,0,0.0,TB,1,,,
Yasir Holmes,885000.0,333.0,0.0,0.0,0.0,0.0,0.0,0.0,885333.0,0.0,,0,0.0,TB,1,,,
Kadarius Calloway,885000.0,333.0,0.0,0.0,0.0,0.0,0.0,0.0,885333.0,0.0,,0,0.0,TB,1,,,
Marshall Foerner,885000.0,0.0,0.0,0.0,0.0,0.0,0.0,0.0,885000.0,0.0,OL,0,0.0,TB,1,,,
Nash Hutmacher,885000.0,0.0,0.0,0.0,0.0,0.0,0.0,0.0,885000.0,0.0,DL,25,0.0,TB,1,,,
Dennis Houston,885000.0,0.0,0.0,0.0,0.0,0.0,0.0,0.0,885000.0,0.0,WR,27,0.0,TB,1,,,
Jayson Jones,885000.0,0.0,0.0,0.0,0.0,0.0,0.0,0.0,885000.0,0.0,DL,25,0.0,TB,1,,,
Ben Scott,885000.0,0.0,0.0,0.0,0.0,0.0,0.0,0.0,885000.0,0.0,OL,25,0.0,TB,1,,,
Haggai Chisom Ndubuisi,885000.0,0.0,0.0,0.0,0.0,0.0,0.0,0.0,885000.0,0.0,OL,26,0.0,TB,1,,,
B.T. Potter,885000.0,0.0,0.0,0.0,0.0,0.0,0.0,0.0,885000.0,0.0,K,0,0.0,TB,1,,,
Jalen Hurts,1215000.0,4658800.0,26098000.0,0.0,0.0,0.0,0.0,51500000.0,31971800.0,0.0,QB,28,0.0,PHI,1,42.1243,1040.0,1.0
Lane Johnson,1300000.0,9910000.0,9089000.0,0.0,0.0,0.0,0.0,0.0,20299000.0,0.0,OL,36,0.0,PHI,1,,,
Jordan Mailata,1300000.0,8174233.0,5881000.0,0.0,0.0,500000.0,0.0,7000000.0,15855233.0,0.0,OL,29,0.0,PHI,1,,,
DeVonta Smith,1215000.0,4070310.0,4691200.0,0.0,510000.0,240000.0,0.0,14000000.0,10726510.0,0.0,WR,28,0.0,PHI,1,24.1752,942.0,2.0
Landon Dickerson,1215000.0,4019000.0,4891000.0,0.0,0.0,150000.0,0.0,10000000.0,10275000.0,0.0,OL,28,0.0,PHI,1,,,
Dallas Goedert,1300000.0,8885880.0,0.0,1450000.0,0.0,0.0,1000000.0,1300000.0,10230880.0,0.0,TE,31,0.0,PHI,1,8.9476,780.0,5.0
Saquon Barkley,1300000.0,2475000.0,6106000.0,100.0,0.0,250000.0,0.0,16750000.0,9881100.0,0.0,RB,29,0.0,PHI,1,44.6422,1040.0,1.0
Zack Baun,1215000.0,3216000.0,3207000.0,0.0,0.0,250000.0,0.0,16750000.0,7638000.0,0.0,LB,30,0.0,PHI,1,,,
Jalen Carter,1145000.0,3214761.0,0.0,2578570.0,0.0,0.0,0.0,3723570.0,6938331.0,0.0,DL,25,0.0,PHI,1,,,
Jonathan Greenard,1215000.0,4703000.0,0.0,0.0,510000.0,0.0,0.0,1725000.0,6278000.0,0.0,,29,0.0,PHI,1,,,
Cam Jurgens,1215000.0,1899200.0,2407000.0,0.0,0.0,0.0,0.0,1465000.0,5521200.0,0.0,OL,27,0.0,PHI,1,,,
Jordan Davis,1215000.0,3857000.0,0.0,0.0,0.0,0.0,0.0,1215000.0,5072000.0,0.0,DL,26,0.0,PHI,1,,,
Jake Elliott,1300000.0,3353000.0,0.0,0.0,0.0,50000.0,0.0,1300000.0,4653000.0,0.0,K,31,0.0,PHI,1,,,
Quinyon Mitchell,1075000.0,1899199.0,0.0,1067100.0,0.0,0.0,0.0,2142100.0,4041299.0,0.0,DB,25,0.0,PHI,1,,,
Tyler Steen,3624000.0,295534.0,0.0,0.0,0.0,50000.0,0.0,0.0,3969534.0,0.0,OL,26,0.0,PHI,1,,,
Nolan Smith,2385330.0,1430439.0,0.0,0.0,0.0,0.0,0.0,2385330.0,3815769.0,0.0,LB,25,0.0,PHI,1,,,
Makai Lemon,885000.0,2898706.0,0.0,0.0,0.0,0.0,0.0,885000.0,3783706.0,0.0,,0,0.0,PHI,1,,,
Moro Ojomo,3674000.0,19446.0,0.0,0.0,0.0,0.0,0.0,0.0,3693446.0,0.0,DL,25,0.0,PHI,1,,,
Tariq Woolen,6000000.0,2148000.0,0.0,0.0,0.0,0.0,0.0,0.0,3408000.0,0.0,DB,27,0.0,PHI,1,,,
Jihaad Campbell,1005000.0,1869741.0,0.0,512435.0,0.0,0.0,0.0,1517435.0,3387176.0,0.0,LB,22,0.0,PHI,1,,,
Cooper DeJean,1638966.0,892931.0,0.0,0.0,0.0,0.0,0.0,1638966.0,2531897.0,0.0,DB,23,0.0,PHI,1,,,
Dontayvion Wicks,1145000.0,1171000.0,0.0,0.0,0.0,0.0,0.0,1145000.0,2316000.0,0.0,WR,25,0.0,PHI,1,,,
Marquise Brown,1300000.0,740000.0,0.0,0.0,0.0,0.0,0.0,1300000.0,2040000.0,0.0,WR,29,0.0,PHI,1,,,
Arnold Ebiketie,1300000.0,600000.0,0.0,0.0,0.0,0.0,0.0,1300000.0,1900000.0,0.0,LB,27,0.0,PHI,1,,,
Braden Mann,1215000.0,457000.0,0.0,0.0,0.0,0.0,0.0,1215000.0,1672000.0,0.0,P,29,0.0,PHI,1,4.2093,65.0,16.0
Andrew Mukuba,1165479.0,461916.0,0.0,0.0,0.0,0.0,0.0,1165479.0,1627395.0,0.0,DB,24,0.0,PHI,1,,,
Eli Stowers,885000.0,731902.0,0.0,0.0,0.0,0.0,0.0,885000.0,1616902.0,0.0,,0,0.0,PHI,1,,,
Jalyx Hunt,1257094.0,229188.0,0.0,0.0,0.0,50000.0,0.0,0.0,1536282.0,0.0,LB,25,0.0,PHI,1,,,
Byron Young,1523007.0,0.0,0.0,0.0,0.0,0.0,0.0,0.0,1523007.0,0.0,DL,26,0.0,PHI,1,,,
Andy Dalton,1500000.0,0.0,0.0,0.0,0.0,0.0,0.0,1500000.0,1500000.0,0.0,QB,39,0.0,PHI,1,,,
Tank Bigsby,1435399.0,0.0,0.0,0.0,0.0,50000.0,0.0,0.0,1485399.0,0.0,RB,24,0.0,PHI,1,,,
Fred Johnson,1300000.0,160000.0,0.0,0.0,0.0,0.0,0.0,1400000.0,1460000.0,0.0,OL,29,0.0,PHI,1,,,
Marcus Epps,1300000.0,25000.0,0.0,125000.0,0.0,0.0,0.0,0.0,1450000.0,0.0,DB,30,0.0,PHI,1,,,
Jonathan Jones,1500000.0,140000.0,0.0,0.0,0.0,0.0,0.0,1300000.0,1440000.0,0.0,DB,33,0.0,PHI,1,,,
Michael Carter II,1740000.0,205000.0,0.0,0.0,0.0,0.0,0.0,950000.0,1420000.0,0.0,DB,27,0.0,PHI,1,,,
Grant Calcaterra,1812500.0,187500.0,0.0,0.0,0.0,0.0,0.0,512500.0,1402500.0,0.0,TE,28,0.0,PHI,1,5.3849,487.0,9.0
Kelee Ringo,1145000.0,205232.0,0.0,0.0,0.0,0.0,0.0,0.0,1350232.0,0.0,DB,24,0.0,PHI,1,,,
Johnny Mundt,1300000.0,40000.0,0.0,0.0,0.0,0.0,0.0,550000.0,1340000.0,0.0,TE,32,0.0,PHI,1,,,
Ty Robinson,1005000.0,258917.0,0.0,0.0,0.0,0.0,0.0,0.0,1263917.0,0.0,DL,25,0.0,PHI,1,,,
Joe Tryon-Shoyinka,1215000.0,162500.0,0.0,0.0,0.0,25000.0,0.0,500000.0,1262500.0,0.0,,27,0.0,PHI,1,,,
A.J. Epenesa,1215000.0,187500.0,0.0,0.0,0.0,0.0,0.0,500000.0,1262500.0,0.0,DL,28,0.0,PHI,1,,,
Will Shipley,1075000.0,179241.0,0.0,0.0,0.0,0.0,0.0,0.0,1254241.0,0.0,RB,24,0.0,PHI,1,-6.0664,325.0,12.0
Britain Covey,1215000.0,0.0,0.0,0.0,0.0,0.0,0.0,0.0,1215000.0,0.0,WR,29,0.0,PHI,1,0.099,162.0,14.0
Tanner McKee,1145000.0,46630.0,0.0,0.0,0.0,0.0,0.0,0.0,1191630.0,0.0,QB,26,0.0,PHI,1,11.6749,130.0,15.0
Elijah Moore,1215000.0,0.0,0.0,75000.0,0.0,25000.0,0.0,0.0,1175000.0,0.0,WR,26,0.0,PHI,1,,,
J.T. Gray,1300000.0,100000.0,0.0,87500.0,0.0,0.0,0.0,250000.0,1175000.0,0.0,DB,30,0.0,PHI,1,,,
John Ojukwu,1145000.0,12500.0,0.0,10000.0,0.0,15000.0,0.0,0.0,1172500.0,0.0,OL,27,0.0,PHI,1,,,
Ambry Thomas,1145000.0,17500.0,0.0,0.0,0.0,0.0,0.0,0.0,1162500.0,0.0,DB,27,0.0,PHI,1,,,
Jeremiah Trotter Jr.,1075000.0,82117.0,0.0,0.0,0.0,0.0,0.0,0.0,1157117.0,0.0,LB,24,0.0,PHI,1,,,
Stone Smartt,1215000.0,25000.0,0.0,0.0,0.0,50000.0,0.0,200000.0,1150000.0,0.0,TE,28,0.0,PHI,1,,,
Dameon Pierce,1215000.0,0.0,0.0,50000.0,0.0,25000.0,0.0,250000.0,1150000.0,0.0,RB,26,0.0,PHI,1,,,
Tariq Castro-Fields,1145000.0,0.0,0.0,0.0,0.0,0.0,0.0,0.0,1145000.0,0.0,DB,27,0.0,PHI,1,,,
Jakorian Bennett,1145000.0,0.0,0.0,0.0,0.0,0.0,0.0,0.0,1145000.0,0.0,DB,26,0.0,PHI,1,,,
Ta'Quon Graham,1215000.0,25000.0,0.0,0.0,0.0,25000.0,0.0,100000.0,1125000.0,0.0,DL,28,0.0,PHI,1,,,
Mac McWilliams,1005000.0,111030.0,0.0,0.0,0.0,0.0,0.0,0.0,1116030.0,0.0,DB,25,0.0,PHI,1,,,
Smael Mondon Jr.,1005000.0,98865.0,0.0,0.0,0.0,0.0,0.0,0.0,1103865.0,0.0,LB,23,0.0,PHI,1,,,
Drew Kendall,1005000.0,88769.0,0.0,0.0,0.0,0.0,0.0,0.0,1093769.0,0.0,OL,25,0.0,PHI,1,,,
Samori Toure,1075000.0,0.0,0.0,0.0,0.0,0.0,0.0,0.0,1075000.0,0.0,WR,28,0.0,PHI,1,,,
Quez Watkins,1215000.0,0.0,0.0,0.0,0.0,0.0,0.0,0.0,1075000.0,0.0,WR,28,0.0,PHI,1,-3.3151,325.0,12.0
Michael Jordan,1215000.0,0.0,0.0,0.0,0.0,0.0,0.0,0.0,1075000.0,0.0,,0,0.0,PHI,1,,,
Elijah Mitchell,1215000.0,0.0,0.0,0.0,0.0,0.0,0.0,0.0,1075000.0,0.0,RB,28,0.0,PHI,1,,,
Johnny Wilson,1005000.0,49252.0,0.0,0.0,0.0,0.0,0.0,0.0,1054252.0,0.0,WR,25,0.0,PHI,1,-1.1541,585.0,8.0
Chance Campbell,1005000.0,25000.0,0.0,0.0,0.0,0.0,0.0,0.0,1030000.0,0.0,LB,27,0.0,PHI,1,,,
E.J. Jenkins,1005000.0,20166.0,0.0,0.0,0.0,0.0,0.0,0.0,1025166.0,0.0,TE,28,0.0,PHI,1,0.7996,130.0,15.0
Darius Cooper,1005000.0,5000.0,0.0,0.0,0.0,0.0,0.0,0.0,1010000.0,0.0,WR,25,0.0,PHI,1,,,
Cameron Latu,1005000.0,0.0,0.0,0.0,0.0,0.0,0.0,0.0,1005000.0,0.0,TE,26,0.0,PHI,1,,,
Danny Gray,1005000.0,0.0,0.0,0.0,0.0,0.0,0.0,0.0,1005000.0,0.0,WR,27,0.0,PHI,1,,,
Jose Ramirez,1005000.0,0.0,0.0,0.0,0.0,0.0,0.0,0.0,1005000.0,0.0,LB,27,0.0,PHI,1,,,
Carson Steele,1005000.0,0.0,0.0,0.0,0.0,0.0,0.0,0.0,1005000.0,0.0,RB,24,0.0,PHI,1,,,
Brandon Johnson,1005000.0,0.0,0.0,0.0,0.0,0.0,0.0,0.0,1005000.0,0.0,DB,23,0.0,PHI,1,,,
Andre' Sam,1005000.0,0.0,0.0,0.0,0.0,0.0,0.0,0.0,1005000.0,0.0,DB,27,0.0,PHI,1,,,
Cole Payton,885000.0,94869.0,0.0,0.0,0.0,0.0,0.0,0.0,979869.0,0.0,,0,0.0,PHI,1,,,
Cameron Williams,885000.0,50392.0,0.0,0.0,0.0,25000.0,0.0,125000.0,960392.0,0.0,OL,23,0.0,PHI,1,,,
Micah Morris,885000.0,63941.0,0.0,0.0,0.0,0.0,0.0,0.0,948941.0,0.0,,0,0.0,PHI,1,,,
Myles Hinton,885000.0,58316.0,0.0,0.0,0.0,0.0,0.0,0.0,943316.0,0.0,OL,24,0.0,PHI,1,,,
Cole Wisniewski,885000.0,31633.0,0.0,0.0,0.0,0.0,0.0,0.0,916633.0,0.0,,0,0.0,PHI,1,,,
Uar Bernard,885000.0,30122.0,0.0,0.0,0.0,0.0,0.0,0.0,915122.0,0.0,,0,0.0,PHI,1,,,
Keyshawn James-Newby,885000.0,30122.0,0.0,0.0,0.0,0.0,0.0,0.0,915122.0,0.0,,0,0.0,PHI,1,,,
Kapena Gushiken,885000.0,8333.0,0.0,0.0,0.0,0.0,0.0,247500.0,893333.0,0.0,,0,0.0,PHI,1,,,
Zion Wilson,885000.0,8333.0,0.0,0.0,0.0,0.0,0.0,225000.0,893333.0,0.0,,0,0.0,PHI,1,,,
Maximus Pulley,885000.0,8333.0,0.0,0.0,0.0,0.0,0.0,25000.0,893333.0,0.0,,0,0.0,PHI,1,,,
Joshua Weru,885000.0,8333.0,0.0,0.0,0.0,0.0,0.0,247500.0,893333.0,0.0,,0,0.0,PHI,1,,,
Dae'Quan Wright,885000.0,8333.0,0.0,0.0,0.0,0.0,0.0,25000.0,893333.0,0.0,,0,0.0,PHI,1,,,
Rocco Underwood,885000.0,6666.0,0.0,0.0,0.0,0.0,0.0,0.0,891666.0,0.0,,0,0.0,PHI,1,,,
Jaeden Roberts,885000.0,6666.0,0.0,0.0,0.0,0.0,0.0,0.0,891666.0,0.0,,0,0.0,PHI,1,,,
Deontae Lawson,885000.0,3333.0,0.0,0.0,0.0,0.0,0.0,0.0,888333.0,0.0,,0,0.0,PHI,1,,,
Markel Bell,885000.0,0.0,0.0,0.0,0.0,0.0,0.0,0.0,885000.0,0.0,,0,0.0,PHI,1,,,
Willie Lampkin,885000.0,0.0,0.0,0.0,0.0,0.0,0.0,0.0,885000.0,0.0,OL,24,0.0,PHI,1,,,
Jake Majors,885000.0,0.0,0.0,0.0,0.0,0.0,0.0,0.0,885000.0,0.0,OL,24,0.0,PHI,1,,,
Gabe Hall,885000.0,0.0,0.0,0.0,0.0,0.0,0.0,0.0,885000.0,0.0,DL,25,0.0,PHI,1,,,
Hollin Pierce,885000.0,0.0,0.0,0.0,0.0,0.0,0.0,0.0,885000.0,0.0,OL,25,0.0,PHI,1,,,
