otc_name,otc_team,otc_position,nfl_name,nfl_team,nfl_position,match_score
Chris Jones,KC,,Chris Oladokun,KC,QB,64.0
Trey Smith,KC,,,,,0.0
Nick Bolton,KC,,,,,0.0
Jaylon Moore,KC,,,,,0.0
Creed Humphrey,KC,,,,,0.0
Kristian Fulton,KC,,,,,0.0
Mansoor Delane,KC,,,,,0.0
George Karlaftis,KC,,,,,0.0
Harrison Butker,KC,,,,,0.0
Kenneth Walker III,KC,,,,,0.0
Drue Tranquill,KC,,,,,0.0
Chamarri Conner,KC,,,,,0.0
Felix Anudike-Uzomah,KC,,,,,0.0
Alohi Gilman,KC,,,,,0.0
Josh Simmons,KC,,,,,0.0
Peter Woods,KC,,,,,0.0
Khyiris Tonga,KC,,,,,0.0
Justin Fields,KC,,,,,0.0
R Mason Thomas,KC,,,,,0.0
Kader Kohou,KC,,,,,0.0
Kaiir Elam,KC,,,,,0.0
Kingsley Suamataia,KC,,,,,0.0
James Winchester,KC,,Richie James,KC,WR,71.42857142857143
Omarr Norman-Lott,KC,,,,,0.0
Ashton Gillotte,KC,,,,,0.0
Nohl Williams,KC,,,,,0.0
Jack Cochrane,KC,,,,,0.0
Emari Demercado,KC,,,,,0.0
Jalen Royals,KC,,,,,0.0
L'Jarius Sneed,KC,,,,,0.0
Cole Christiansen,KC,,,,,0.0
Jadon Canady,KC,,,,,0.0
Hunter Nourzad,KC,,,,,0.0
Jeffrey Bassa,KC,,,,,0.0
Christian Roland-Wallace,KC,,,,,0.0
Tanner McCalister,KC,,,,,0.0
Matt Waletzko,KC,,,,,0.0
Matt Araiza,KC,,,,,0.0
Jason Brownlee,KC,,,,,0.0
C.J. Hanson,KC,,,,,0.0
Brashard Smith,KC,,,,,0.0
Ethan Driskell,KC,,,,,0.0
Emmett Johnson,KC,,,,,0.0
Chukwuebuka Godrick,KC,,,,,0.0
Kevin Knowles II,KC,,,,,0.0
Cooper McDonald,KC,,,,,0.0
Tyreke Smith,KC,,,,,0.0
Esa Pole,KC,,,,,0.0
Cyrus Allen,KC,,,,,0.0
Garrett Nussmeier,KC,,,,,0.0
Jake Briningstool,KC,,,,,0.0
Jeff Caldwell,KC,,,,,0.0
Pete Nygra,KC,,,,,0.0
Bryce Phillips,KC,,,,,0.0
DeShon Singleton,KC,,Peyton Hendershot,KC,TE,60.60606060606061
Vincent Anthony,KC,,,,,0.0
John Michael Gyllenborg,KC,,,,,0.0
Josh Thompson,KC,,,,,0.0
Xavier Nwankpa,KC,,,,,0.0
Zelmar Vedder,KC,,,,,0.0
Wesley Bissainthe,KC,,,,,0.0
Cole Brevard,KC,,Mecole Hardman,KC,WR,61.53846153846154
Damon Payne Jr.,KC,,,,,0.0
Omari Evans,KC,,,,,0.0
Ethan Downs,KC,,,,,0.0
Marcus Harris,KC,,,,,0.0
Tre Watson,KC,,Justin Watson,KC,WR,69.56521739130434
Andrew Armstrong,KC,,,,,0.0
Jimmy Holiday,KC,,,,,0.0
Melvin Smith,KC,,Donovan Smith,KC,OL,64.0
Jacob De Jesus,KC,,,,,0.0
Kahlil Benson,KC,,,,,0.0
Xavier Loyd,KC,,Xavier Worthy,KC,WR,75.0
E.J. Smith,KC,,,,,0.0
D'Arco Perkins-McAllister,KC,,,,,0.0
Amari McNeill,KC,,,,,0.0
Anthony Dunn,KC,,,,,0.0
Jaydn Ott,KC,,,,,0.0
Kam Arnold,KC,,,,,0.0
Tristan Wirfs,TB,,,,,0.0
"Antoine Winfield, Jr.",TB,,,,,0.0
Vita Vea,TB,,,,,0.0
A'Shawn Robinson,TB,,,,,0.0
Alex Anzalone,TB,,,,,0.0
Ben Bredeson,TB,,,,,0.0
Luke Goedeke,TB,,,,,0.0
Kenneth Gainwell,TB,,,,,0.0
Anthony Nelson,TB,,,,,0.0
Zyon McCollum,TB,,,,,0.0
Al-Quadin Muhammad,TB,,,,,0.0
Calijah Kancey,TB,,,,,0.0
Rueben Bain,TB,,,,,0.0
Cody Mauch,TB,,,,,0.0
Emeka Egbuka,TB,,,,,0.0
YaYa Diaby,TB,,,,,0.0
Graham Barton,TB,,,,,0.0
Chase McLaughlin,TB,,,,,0.0
Riley Dixon,TB,,,,,0.0
Josiah Trotter,TB,,,,,0.0
Benjamin Morrison,TB,,,,,0.0
Chris Braswell,TB,,,,,0.0
Miles Killebrew,TB,,,,,0.0
Tykee Smith,TB,,,,,0.0
Christian Rozeboom,TB,,,,,0.0
Jacob Parrish,TB,,,,,0.0
Justin Skule,TB,,,,,0.0
Jake Browning,TB,,,,,0.0
Rakeem Nunez-Roches,TB,,,,,0.0
Dan Feeney,TB,,,,,0.0
Ted Hurst,TB,,,,,0.0
SirVocea Dennis,TB,,,,,0.0
Josh Hayes,TB,,,,,0.0
Keionte Scott,TB,,,,,0.0
Chase Lucas,TB,,,,,0.0
David Walker,TB,,David Wells,TB,TE,69.56521739130434
Elijah Klein,TB,,,,,0.0
Elijah Roberts,TB,,,,,0.0
Scott Daly,TB,,,,,0.0
David Sills,TB,,David Wells,TB,TE,81.81818181818181
Mohamed Kamara,TB,,,,,0.0
Evan Deckers,TB,,,,,0.0
Damarion Williams,TB,,,,,0.0
Kemon Hall,TB,,Chase Edmonds,TB,RB,60.86956521739131
Tez Johnson,TB,,Kameron Johnson,TB,WR,69.23076923076923
Ben Chukwuma,TB,,,,,0.0
DeMonte Capehart,TB,,,,,0.0
Billy Schrauth,TB,,,,,0.0
Luke Haggard,TB,,,,,0.0
Elijah Simmons,TB,,,,,0.0
Connor Bazelak,TB,,,,,0.0
John Bullock,TB,,,,,0.0
Rashad Wisdom,TB,,Rachaad White,TB,RB,61.53846153846154
Nick Jackson,TB,,,,,0.0
Josh Williams,TB,,,,,0.0
Marcus Banks,TB,,,,,0.0
Bauer Sharp,TB,,,,,0.0
Garrett Greene,TB,,,,,0.0
Paul Rubelt,TB,,,,,0.0
Ja'Qurious Conley,TB,,,,,0.0
J.J. Roberts,TB,,,,,0.0
Eric Rivers,TB,,,,,0.0
Jalon Daniels,TB,,,,,0.0
Ayden Garnes,TB,,,,,0.0
Javin Wright,TB,,,,,0.0
Henry Lutovsky,TB,,,,,0.0
Jack Pyburn,TB,,,,,0.0
Josiah Green,TB,,,,,0.0
Deshawn McKnight,TB,,,,,0.0
Kenny Fletcher Jr.,TB,,,,,0.0
Caden Fordham,TB,,,,,0.0
Dean Patterson,TB,,,,,0.0
Yasir Holmes,TB,,,,,0.0
Kadarius Calloway,TB,,,,,0.0
Marshall Foerner,TB,,,,,0.0
Nash Hutmacher,TB,,,,,0.0
Dennis Houston,TB,,,,,0.0
Jayson Jones,TB,,,,,0.0
Ben Scott,TB,,,,,0.0
Haggai Chisom Ndubuisi,TB,,,,,0.0
B.T. Potter,TB,,,,,0.0
Lane Johnson,PHI,,Johnny Wilson,PHI,WR,64.0
Jordan Mailata,PHI,,,,,0.0
Landon Dickerson,PHI,,,,,0.0
Zack Baun,PHI,,,,,0.0
Jalen Carter,PHI,,Jalen Hurts,PHI,QB,69.56521739130434
Jonathan Greenard,PHI,,,,,0.0
Cam Jurgens,PHI,,,,,0.0
Jordan Davis,PHI,,,,,0.0
Jake Elliott,PHI,,,,,0.0
Quinyon Mitchell,PHI,,,,,0.0
Tyler Steen,PHI,,,,,0.0
Nolan Smith,PHI,,Ainias Smith,PHI,WR,69.56521739130434
Makai Lemon,PHI,,,,,0.0
Moro Ojomo,PHI,,,,,0.0
Tariq Woolen,PHI,,,,,0.0
Jihaad Campbell,PHI,,Parris Campbell,PHI,WR,66.66666666666667
Cooper DeJean,PHI,,,,,0.0
Dontayvion Wicks,PHI,,,,,0.0
Marquise Brown,PHI,,,,,0.0
Arnold Ebiketie,PHI,,,,,0.0
Andrew Mukuba,PHI,,,,,0.0
Eli Stowers,PHI,,,,,0.0
Jalyx Hunt,PHI,,Jalen Hurts,PHI,QB,66.66666666666667
Byron Young,PHI,,,,,0.0
Andy Dalton,PHI,,,,,0.0
Tank Bigsby,PHI,,,,,0.0
Fred Johnson,PHI,,,,,0.0
Marcus Epps,PHI,,,,,0.0
Jonathan Jones,PHI,,John Ross,PHI,WR,60.86956521739131
Michael Carter II,PHI,,,,,0.0
Kelee Ringo,PHI,,,,,0.0
Johnny Mundt,PHI,,Johnny Wilson,PHI,WR,64.0
Ty Robinson,PHI,,,,,0.0
Joe Tryon-Shoyinka,PHI,,,,,0.0
A.J. Epenesa,PHI,,,,,0.0
Elijah Moore,PHI,,,,,0.0
J.T. Gray,PHI,,,,,0.0
John Ojukwu,PHI,,John Ross,PHI,WR,60.0
Ambry Thomas,PHI,,,,,0.0
Jeremiah Trotter Jr.,PHI,,,,,0.0
Stone Smartt,PHI,,,,,0.0
Dameon Pierce,PHI,,,,,0.0
Tariq Castro-Fields,PHI,,,,,0.0
Jakorian Bennett,PHI,,,,,0.0
Ta'Quon Graham,PHI,,,,,0.0
Mac McWilliams,PHI,,,,,0.0
Smael Mondon Jr.,PHI,,,,,0.0
Drew Kendall,PHI,,,,,0.0
Samori Toure,PHI,,,,,0.0
Michael Jordan,PHI,,,,,0.0
Elijah Mitchell,PHI,,,,,0.0
Chance Campbell,PHI,,Parris Campbell,PHI,WR,66.66666666666667
Darius Cooper,PHI,,,,,0.0
Cameron Latu,PHI,,,,,0.0
Danny Gray,PHI,,,,,0.0
Jose Ramirez,PHI,,,,,0.0
Carson Steele,PHI,,,,,0.0
Brandon Johnson,PHI,,Braden Mann,PHI,P,61.53846153846154
Andre' Sam,PHI,,D'Andre Swift,PHI,RB,66.66666666666667
Cole Payton,PHI,,,,,0.0
Cameron Williams,PHI,,,,,0.0
Micah Morris,PHI,,,,,0.0
Myles Hinton,PHI,,,,,0.0
Cole Wisniewski,PHI,,,,,0.0
Uar Bernard,PHI,,,,,0.0
Keyshawn James-Newby,PHI,,,,,0.0
Kapena Gushiken,PHI,,,,,0.0
Zion Wilson,PHI,,,,,0.0
Maximus Pulley,PHI,,,,,0.0
Joshua Weru,PHI,,,,,0.0
Dae'Quan Wright,PHI,,,,,0.0
Rocco Underwood,PHI,,,,,0.0
Jaeden Roberts,PHI,,,,,0.0
Deontae Lawson,PHI,,,,,0.0
Markel Bell,PHI,,,,,0.0
Willie Lampkin,PHI,,,,,0.0
Jake Majors,PHI,,,,,0.0
Gabe Hall,PHI,,,,,0.0
Hollin Pierce,PHI,,,,,0.0
